codigo,cantidad,producto,descripcion,precio,ubicacion,precioCompra,ultimoProveedor,imagen,stockMinimo,categoria
,0.0,1-439-172,,36.0,A1,18.0,JR,,1.0,FLYBACK
,0.0,1-439-235,,,A1,,JR,,1.0,FLYBACK
,0.0,1-439-235-11,,25.0,A1,12.5,Arroyo,,1.0,FLYBACK
,,1-439-238-00,,36.0,A1,18.0,,,1.0,FLYBACK
,,1-439-423-21,,28.0,A1,14.0,,,1.0,FLYBACK
,,10N60,=5N60,6.0,B2A5,3.0,,,1.0,MOSFET
,,10N80,,6.0,B2A5,3.0,,,1.0,MOSFET
,,11N60,,6.0,B2A7,3.0,,,1.0,MOSFET
,,124 121 821,,,A2B24,,,,1.0,MOSFET
,,12N50,,10.0,B2A7,5.0,,,1.0,MOSFET
,,12N60C,,12.0,B2A7,6.0,,,1.0,MOSFET
,,12N60FI,,12.0,B2A7,6.0,,,1.0,MOSFET
,,13NK80Z,=11N80,14.0,B2A7,7.0,,,1.0,MOSFET
,,15 Foot USB2 - A/B cable,,8.99,shelf 1A,4.495,,,10.0,USB cables
,,154-040,,,A1,,,,1.0,FLYBACK
,,154-168D,,,A1,,,,1.0,FLYBACK
,,154-375D,,28.0,A1,14.0,,,1.0,FLYBACK
,,154-380,,35.0,A1,17.5,,,1.0,FLYBACK
,,17N80C3,,16.0,B2A8,8.0,,,1.0,MOSFET
,,1L0380R,,8.0,B2A1,4.0,,,1.0,INTEGRADO
,,20N60,,12.0,B2A8,6.0,,,1.0,MOSFET
,,20N60S5,,23.0,B2A8,11.5,,,1.0,MOSFET
,,23N150,,14.0,B2A9,7.0,,,1.0,MOSFET
,,24C01A,,2.0,B3A9,1.0,,,1.0,INTEGRADO
,,24C02WP,,2.0,B3A9,1.0,,,1.0,INTEGRADO
,,24C04W6,,2.0,B3A9,1.0,,,1.0,INTEGRADO
,,24C08A,,2.0,B3A9,1.0,,,1.0,INTEGRADO
,,24C16WP,,2.0,B3A10,1.0,,,1.0,INTEGRADO
,,24C32A,,3.0,B3A10,1.5,,,1.0,TRANSISTOR
,,2B0565,,10.0,B2A1,5.0,,,1.0,INTEGRADO
,,2N2222,,1.0,B3D7,0.5,,,1.0,INTEGRADO
,,2N3055,,,A2B30,,,,1.0,INTEGRADO
,,2N3823,,2.0,B3D7,1.0,,,1.0,INTEGRADO
,,2N3904,ECG123AP,1.0,B3D7,0.5,,,1.0,INTEGRADO
,,2N3906,,1.0,B3D7,0.5,,,1.0,INTEGRADO
,,2N4352,,2.0,B3D7,1.0,,,1.0,INTEGRADO
,,2N5064,,1.0,B3D8,0.5,,,1.0,INTEGRADO
,,2N5401,,1.0,B3D8,0.5,,,1.0,INTEGRADO
,,2N5551,,1.0,B3D8,0.5,,,1.0,INTEGRADO
,,2N5668,,1.0,B3D8,0.5,,,1.0,INTEGRADO
,,2N60B,,8.0,B2A1,4.0,,,1.0,INTEGRADO
,,2P4M,,5.0,B2A1,2.5,,,1.0,INTEGRADO
,,2QS03,,16.0,B2A1,8.0,,,1.0,INTEGRADO
,,2S0680,,12.0,B2A1,6.0,,,1.0,INTEGRADO
,,2S0880,,12.0,B2A1,6.0,,,1.0,INTEGRADO
,,2SA1302,,6.0,B1D9,3.0,,,1.0,INTEGRADO
,,2SA1494,ECG59,18.0,B1D9,9.0,,,1.0,INTEGRADO
,,2SA1943,ECG2329,9.0,B1D8,4.5,,,1.0,INTEGRADO
,,2SA350,,1.0,B1D8,0.5,,,1.0,INTEGRADO
,,2SK1081,,15.0,B2A1,7.5,,,1.0,INTEGRADO
,,2SK727,,6.0,B1B12,3.0,,,1.0,INTEGRADO
,,30F125,,13.0,B2A9,6.5,,,1.0,INTEGRADO
,,30F126,,13.0,B2A9,6.5,,,1.0,INTEGRADO
,,30J124,,13.0,B2A9,6.5,,,1.0,INTEGRADO
,,3B0365,,10.0,B2A2,5.0,,,1.0,INTEGRADO
,,3BR1765,,18.0,B2A2,9.0,,,1.0,INTEGRADO
,,3BR4765J,,16.0,B2A2,8.0,,,1.0,INTEGRADO
,,3DD5011,,15.0,B2B1,7.5,,,1.0,INTEGRADO
,,3S0680RF,,15.0,B2A2,7.5,,,1.0,INTEGRADO
,,3S0765RF,,15.0,B2A2,7.5,,,1.0,INTEGRADO
,,40CPQ040,,10.0,B2A9,5.0,,,1.0,IGBT
,,47434N-3119,,25.0,A2B4,12.5,,,1.0,INTEGRADO
,,47N60C3,,16.0,B2A9,8.0,,,1.0,MOSFET
,,4N33,,4.0,B2A2,2.0,,,1.0,MOSFET
,,4N35,,6.0,B2A2,3.0,,,1.0,MOSFET
,,4N60,,6.0,B2A2,3.0,,,1.0,MOSFET
,,50N06,,5.0,B2A11,2.5,,,1.0,MOSFET
,,598-834-00,,55.0,A1,27.5,,,1.0,FLYBACK
,,5D4841,,20.0,B2A3,10.0,,,1.0,INTEGRADO
,,5L038D,,8.0,B2A3,4.0,,,1.0,INTEGRADO
,,5M02659,,11.0,B2A3,5.5,,,1.0,INTEGRADO
,,5M02659R,,8.0,B2A3,4.0,,,1.0,INTEGRADO
,,5M0265R,,12.0,B2A3,6.0,,,1.0,INTEGRADO
,,5M026S9R,,,A2B15,,,,1.0,INTEGRADO
,,5M0365R,,10.0,B2A3,5.0,,,1.0,INTEGRADO
,,5N50,,6.0,B2A3,3.0,,,1.0,MOSFET
,,5NK80,,12.0,B2A4,6.0,,,1.0,MOSFET
,,5Q0765RT,,10.0,B2A4,5.0,,,1.0,INTEGRADO
,,5Q1265RF,,16.0,B2A4,8.0,,,1.0,INTEGRADO
,,5Q1265RT,,15.0,B2A4,7.5,,,1.0,INTEGRADO
,,60N60,,24.0,B2A11,12.0,,,1.0,MOSFET
,,612029-1,,10.0,A2B4,5.0,,,1.0,INTEGRADO
,,6174Z-1003D,,35.0,A1,17.5,,,1.0,FLYBACK
,,6174Z-1036A,,32.0,A1,16.0,,,1.0,FLYBACK
,,6174Z-2001A,,38.0,A1,19.0,,,1.0,FLYBACK
,,6174Z-2001C,,35.0,A1,17.5,,,1.0,FLYBACK
,,6174Z-2001D,,35.0,A1,17.5,,,1.0,FLYBACK
,,6174Z-2001J,,35.0,A1,17.5,,,1.0,FLYBACK
,,6174Z-6006H FlyBack,,,A1,,,,1.0,FLYBACK
,,6N136,,10.0,B2A4,5.0,,,1.0,MOSFET
,,6N60,,6.0,B2A4,3.0,,,1.0,MOSFET
,,70N06,,6.0,B2A11,3.0,,,1.0,MOSFET
,,74154N,,10.0,B3B6,5.0,,,1.0,INTEGRADO
,,74HC32A,,4.0,B3B6,2.0,,,1.0,TRANSISTOR
,,74LS00P,,5.0,B3B1,2.5,,,1.0,TRANSISTOR
,,74LS01P,,5.0,B3B1,2.5,,,1.0,TRANSISTOR
,,74LS02N,,5.0,B3B1,2.5,,,1.0,TRANSISTOR
,,74LS04P,,3.0,B3B1,1.5,,,1.0,TRANSISTOR
,,74LS07N,,3.0,B3B1,1.5,,,1.0,TRANSISTOR
,,74LS08N,,3.0,B3B2,1.5,,,1.0,TRANSISTOR
,,74LS11N,,4.0,B3B2,2.0,,,1.0,TRANSISTOR
,,74LS123N,,5.0,B3B4,2.5,,,1.0,TRANSISTOR
,,74LS138N,,5.0,B3B4,2.5,,,1.0,TRANSISTOR
,,74LS139N,,5.0,B3B4,2.5,,,1.0,TRANSISTOR
,,74LS13PC,,4.0,B3B2,2.0,,,1.0,TRANSISTOR
,,74LS14N,,3.0,B3B2,1.5,,,1.0,TRANSISTOR
,,74LS157,,5.0,B3B4,2.5,,,1.0,TRANSISTOR
,,74LS158,,3.0,B3B4,1.5,,,1.0,TRANSISTOR
,,74LS193P,,5.0,B3B4,2.5,,,1.0,TRANSISTOR
,,74LS21P,,4.0,B3B2,2.0,,,1.0,TRANSISTOR
,,74LS244N,,4.0,B3B5,2.0,,,1.0,TRANSISTOR
,,74LS245N,,4.0,B3B5,2.0,,,1.0,TRANSISTOR
,,74LS27,,4.0,B3B2,2.0,,,1.0,TRANSISTOR
,,74LS283,,4.0,B3B5,2.0,,,1.0,TRANSISTOR
,,74LS32N,,3.5,B3B3,1.75,,,1.0,TRANSISTOR
,,74LS32P,,3.5,B3B3,1.75,,,1.0,TRANSISTOR
,,74LS368AN,,5.0,B3B5,2.5,,,1.0,TRANSISTOR
,,74LS373N,,5.0,B3B5,2.5,,,1.0,TRANSISTOR
,,74LS375N,,5.0,B3B6,2.5,,,1.0,TRANSISTOR
,,74LS377N,,5.0,B3B6,2.5,,,1.0,TRANSISTOR
,,74LS47N,,5.0,B3B3,2.5,,,1.0,TRANSISTOR
,,74LS48N,,8.0,B3B3,4.0,,,1.0,TRANSISTOR
,,74LS76AN,,5.0,B3B3,2.5,,,1.0,TRANSISTOR
,,74LS86,,5.0,B3B3,2.5,,,1.0,TRANSISTOR
,,74LS90N,,5.0,B3B3,2.5,,,1.0,TRANSISTOR
,,7511,,,B2A14,,,,1.0,INTEGRADO
,,7805,,2.5,A2A6,1.25,,,1.0,INTEGRADO
,,7806,,2.5,A2A6,1.25,,,1.0,INTEGRADO
,,7808,,5.0,A2A6,2.5,,,1.0,INTEGRADO
,,7809,,,A2A6,,,,1.0,INTEGRADO
,,7810,,2.0,A2A6,1.0,,,1.0,INTEGRADO
,,7812,,2.0,A2A6,1.0,,,1.0,INTEGRADO
,,7812R,4PATA8,3.5,A2A6,1.75,,,1.0,INTEGRADO
,,7815,,3.0,A2A6,1.5,,,1.0,INTEGRADO
,,7824,,2.0,A2A6,1.0,,,1.0,INTEGRADO
,,78R05,,5.0,A2C8,2.5,,,1.0,TRANSISTOR
,,78R08,,6.0,A2C8,3.0,,,1.0,TRANSISTOR
,,78R12,,6.0,A2A5,3.0,,,1.0,TRANSISTOR
,,78R33,,4.0,A2C8,2.0,,,1.0,TRANSISTOR
,,7905,,2.5,A2A12,1.25,,,1.0,INTEGRADO
,,7906,,2.0,A2A12,1.0,,,1.0,INTEGRADO
,,7909,,5.0,A2A12,2.5,,,1.0,INTEGRADO
,,7912,7915,2.0,A2A12,1.0,,,1.0,INTEGRADO
,,7915,,2.0,A2A12,1.0,,,1.0,INTEGRADO
,,79L05,,2.0,A2A12,1.0,,,1.0,INTEGRADO
,,7N60,,6.0,B2A6,3.0,,,1.0,MOSFET
,,7N70,,7.0,B2A6,3.5,,,1.0,MOSFET
,,7N80,,7.0,B2A6,3.5,,,1.0,MOSFET
,,7NK80,,7.0,B2A6,3.5,,,1.0,MOSFET
,,80N60,,24.0,B2A11,12.0,,,1.0,MOSFET
,,8N60,,6.0,B2A6,3.0,,,1.0,MOSFET
,,8N80,,8.0,B2A6,4.0,,,1.0,MOSFET
,,93C06B1,,8.0,B2A12,4.0,,,1.0,INTEGRADO
,,93C46,,6.0,B2A12,3.0,,,1.0,INTEGRADO
,,93C46C23,,8.0,B2A12,4.0,,,1.0,INTEGRADO
,,93C46CB3,,8.0,B2A12,4.0,,,1.0,INTEGRADO
,,93C56,,8.0,B2A12,4.0,,,1.0,INTEGRADO
,,9NK65,,9.0,B2A6,4.5,,,1.0,MOSFET
,,9NK70,,9.0,B2A6,4.5,,,1.0,MOSFET
,,9NK90,,8.0,B2A5,4.0,,,1.0,MOSFET
,,9RF11,,9.0,B2A5,4.5,,,1.0,MOSFET
,,A-Male/B-Male USB2 Cable-8',"Connect all your USB devices with the Ultra A-Male to B-Male USB 2.0 Cable. This 8-foot, A-Male to B-Male cable makes it easy to connect with a fast transfer rate of up to 480Mbps. Compatible with both PC and Mac, the Ultra A-Male to B-Male USB 2.0 Cable supports plug and play for scanners, printers and more! Additionally, it is backwards compatible with USB 1.0 and 1.1",8.99,shelf 1A,4.495,,,10.0,USB cables
,,A1012Y,ECG378,3.0,B1D4,1.5,,,1.0,TRANSISTOR
,,A1015,ECG290A,1.0,B1D4,0.5,,,1.0,TRANSISTOR
,,A1020,,1.0,B1D4,0.5,,,1.0,TRANSISTOR
,,A1020Y,ECG25,1.0,B1D4,0.5,,,1.0,TRANSISTOR
,,A1048,,1.0,B1D4,0.5,,,1.0,TRANSISTOR
,,A114,ECG2356,1.0,B1D1,0.5,,,1.0,TRANSISTOR
,,A1220,ECG374,2.0,B1D4,1.0,,,1.0,TRANSISTOR
,,A1221,,1.0,B1D4,0.5,,,1.0,TRANSISTOR
,,A124,ECG2358,1.0,B1D1,0.5,,,1.0,TRANSISTOR
,,A1241Y,ECG2527,2.0,B1D4,1.0,,,1.0,TRANSISTOR
,,A1263,ECG37,8.0,B1D5,4.0,,,1.0,TRANSISTOR
,,A1266,,1.0,B1D5,0.5,,,1.0,TRANSISTOR
,,A1271,ECG383,1.0,B1D5,0.5,,,1.0,TRANSISTOR
,,A1273,ECG12,1.0,B1D5,0.5,,,1.0,TRANSISTOR
,,A1294,NO TIENE ECG,8.0,B1D5,4.0,,,1.0,TRANSISTOR
,,A1302,ECG2329,,,,,,1.0,TRANSISTOR
,,A1306,ECG2577,5.0,B1D6,2.5,,,1.0,TRANSISTOR
,,A1357,ECG2514,2.0,B1D6,1.0,,,1.0,TRANSISTOR
,,A1370,ECG2366,1.0,B1D6,0.5,,,1.0,TRANSISTOR
,,A143,ECG123AP,1.0,B1D1,0.5,,,1.0,TRANSISTOR
,,A144,ECG2360,1.0,B1D1,0.5,,,1.0,TRANSISTOR
,,A1494,ECG59,,,,,,,TRANSISTOR
,,A1516,ECG2329,8.0,B1D6,4.0,,,1.0,TRANSISTOR
,,A1560,,1.0,B1D6,0.5,,,1.0,TRANSISTOR
,,A1668,ECG2577,5.0,B1D7,2.5,,,1.0,TRANSISTOR
,,A1837,ECG2647,5.0,B1D7,2.5,,,1.0,TRANSISTOR
,,A1941,ECG37,7.0,B1D7,3.5,,,1.0,TRANSISTOR
,,A1943,ECG2329,,,,,,,TRANSISTOR
,,A341,,1.0,B1D1,0.5,,,1.0,TRANSISTOR
,,A4051,,6.0,B1D7,3.0,,,1.0,TRANSISTOR
,,A5218,,8.0,A2A1,4.0,,,1.0,INTEGRADO
,,A564,ECG290A,1.0,B1D1,0.5,,,1.0,TRANSISTOR
,,A6053,,12.0,A2A1,6.0,,,1.0,INTEGRADO
,,A614,ECG242,3.0,B1D1,1.5,,,1.0,TRANSISTOR
,,A6159,,8.0,A2A1,4.0,,,1.0,INTEGRADO
,,A6252,,12.0,A2A1,6.0,,,1.0,INTEGRADO
,,A6259,,8.0,A2A1,4.0,,,1.0,INTEGRADO
,,A634,ECG187,3.0,B1D1,1.5,,,1.0,TRANSISTOR
,,A6351,,6.0,A2A1,3.0,,,1.0,INTEGRADO
,,A643,ECG159,1.0,B1D2,0.5,,,1.0,TRANSISTOR
,,A699,NO TIENE ECG,3.0,B1D2,1.5,,,1.0,TRANSISTOR
,,A708,ECG129P,1.0,B1D2,0.5,,,1.0,TRANSISTOR
,,A733,ECG290A,1.0,B1D2,0.5,,,1.0,TRANSISTOR
,,A7675,,3.0,B1D7,1.5,,,1.0,TRANSISTOR
,,A7C,,3.0,A2A1,1.5,,,1.0,TRANSISTOR
,,A844,ECG234,1.0,B1D2,0.5,,,1.0,TRANSISTOR
,,A893,NO TIENE ECG,1.0,B1D2,0.5,,,1.0,TRANSISTOR
,,A928,ECG25,1.0,B1D2,0.5,,,1.0,TRANSISTOR
,,A930,ECG234,1.0,B1D2,0.5,,,1.0,TRANSISTOR
,,A935,ECG298,1.0,B1D2,0.5,,,1.0,TRANSISTOR
,,A940,ECG398,3.0,B1D3,1.5,,,1.0,TRANSISTOR
,,A950,ECG290A,1.0,B1D3,0.5,,,1.0,TRANSISTOR
,,A966,ECG294,1.0,B1D3,0.5,,,1.0,TRANSISTOR
,,A979,NO TIENE ECG,1.0,B1D3,0.5,,,1.0,TRANSISTOR
,,A999,ECG290A,1.0,B1D3,0.5,,,1.0,TRANSISTOR
,,AN6552,,,A2A1,,,,1.0,INTEGRADO
,,ATML340,,,A2A1,,,,1.0,INTEGRADO
,,ATML650,,,A2A1,,,,1.0,INTEGRADO
,,B1068,ECG12,1.0,B1D14,0.5,,,1.0,TRANSISTOR
,,B1098,ECG2344,6.0,B1D14,3.0,,,1.0,TRANSISTOR
,,B1185,ECG2674,5.0,B1D14,2.5,,,1.0,TRANSISTOR
,,B1237,ECG21,2.0,B1D14,1.0,,,1.0,TRANSISTOR
,,B1240,,2.0,B1D14,1.0,,,1.0,TRANSISTOR
,,B1243,NO TIENE ECG,2.0,B1D14,1.0,,,1.0,TRANSISTOR
,,B1274,ECG121,5.0,B1D15,2.5,,,1.0,TRANSISTOR
,,B1318,NO TIENE ECG,2.0,B1D15,1.0,,,1.0,TRANSISTOR
,,B1329,NO TIENE ECG,3.0,B1D15,1.5,,,1.0,TRANSISTOR
,,B1340,NO TIENE ECG,6.0,B1D15,3.0,,,1.0,TRANSISTOR
,,B1342,ECG262,4.0,B1C1,2.0,,,1.0,TRANSISTOR
,,B1370,ECG378,5.0,B1C1,2.5,,,1.0,TRANSISTOR
,,B1375,,5.0,B1C1,2.5,,,1.0,TRANSISTOR
,,B1566,ECG2674,5.0,B1C1,2.5,,,1.0,TRANSISTOR
,,B1624,ECG2686,9.0,B1C1,4.5,,,1.0,TRANSISTOR
,,B1686,NO TIENE ECG,5.0,B1C1,2.5,,,1.0,TRANSISTOR
,,B492,ECG176,2.0,B1D11,1.0,,,1.0,TRANSISTOR
,,B511,ECG187,3.0,B1D11,1.5,,,1.0,TRANSISTOR
,,B544,ECG294,2.0,B1D11,1.0,,,1.0,TRANSISTOR
,,B560,ECG383,1.0,B1D11,0.5,,,1.0,TRANSISTOR
,,B596,ECG242,3.0,B1D11,1.5,,,1.0,TRANSISTOR
,,B641-Q,ECG19,2.0,B1D11,1.0,,,1.0,TRANSISTOR
,,B642,,2.0,B1D11,1.0,,,1.0,TRANSISTOR
,,B649,ECG374,3.0,B1D12,1.5,,,1.0,TRANSISTOR
,,B716,NO TIENE ECG,1.0,B1D12,0.5,,,1.0,TRANSISTOR
,,B772,ECG185,2.0,B1D12,1.0,,,1.0,TRANSISTOR
,,B817,ECG37,6.0,B1D12,3.0,,,1.0,TRANSISTOR
,,B824,ECG378,3.0,B1D13,1.5,,,1.0,TRANSISTOR
,,B834,ECG153,3.0,B1D13,1.5,,,1.0,TRANSISTOR
,,B836,,4.0,B1D13,2.0,,,1.0,TRANSISTOR
,,B892,ECG2364,2.0,B1D13,1.0,,,1.0,TRANSISTOR
,,BA05T,NO TIENE ECG,8.0,B1C1,4.0,,,1.0,TRANSISTOR
,,BA5417,,6.0,A2A2,3.0,,,1.0,INTEGRADO
,,BC548,ECG123AP,1.0,B1C2,0.5,,,1.0,TRANSISTOR
,,BC558,ECG159,1.0,B1C2,0.5,,,1.0,TRANSISTOR
,,BC636,,1.0,B1C2,0.5,,,1.0,TRANSISTOR
,,BD135,ECG375,2.0,B1C2,1.0,,,1.0,TRANSISTOR
,,BD233,ECG184,3.0,B1C2,1.5,,,1.0,TRANSISTOR
,,BD234,ECG185,4.0,B1C2,2.0,,,1.0,TRANSISTOR
,,BD237,ECG184,3.0,B1C2,1.5,,,1.0,TRANSISTOR
,,BD243,ECG377,3.0,B1C3,1.5,,,1.0,TRANSISTOR
,,BD434,,3.0,B1C3,1.5,,,1.0,TRANSISTOR
,,BD435,,3.0,B1C3,1.5,,,1.0,TRANSISTOR
,,BD677,ECG253,3.0,B1C3,1.5,,,1.0,TRANSISTOR
,,BD680,ECG254,,B1C3,,,,1.0,TRANSISTOR
,,BD681,NO TIENE ECG,3.0,B1C3,1.5,,,1.0,TRANSISTOR
,,BDX53C,ECG263,3.0,B1C4,1.5,,,1.0,TRANSISTOR
,,BF324,ECG395,2.0,B1C4,1.0,,,1.0,TRANSISTOR
,,BSC25-5519,,45.0,A1,22.5,,,1.0,FLYBACK
,,BSC25-N0329,,40.0,A1,20.0,,,1.0,FLYBACK
,,BSC25-T1029,,50.0,A1,25.0,,,1.0,FLYBACK
,,BSC59J,,30.0,A1,15.0,,,1.0,FLYBACK
,,BT134,,2.0,B1C4,1.0,,,1.0,TRANSISTOR
,,BT136,,2.0,A2A3,1.0,,,1.0,TRANSISTOR
,,BT137,,3.0,A2A3,1.5,,,1.0,TRANSISTOR
,,BT138,,2.5,A2A3,1.25,,,1.0,TRANSISTOR
,,BT139,,3.0,B1C4,1.5,,,1.0,TRANSISTOR
,,BT151,,2.5,A2A4,1.25,,,1.0,TRANSISTOR
,,BT152,,4.0,A2A4,2.0,,,1.0,TRANSISTOR
,,BT169,,2.0,A2A4,1.0,,,1.0,TRANSISTOR
,,BTA06,,,A2A2,,,,1.0,TRANSISTOR
,,BTA08,,3.0,A2A2,1.5,,,1.0,TRANSISTOR
,,BTA12,,4.0,A2A2,2.0,,,1.0,TRANSISTOR
,,BTA134,,3.0,A2A2,1.5,,,1.0,TRANSISTOR
,,BTA16,,5.0,A2A2,2.5,,,1.0,TRANSISTOR
,,BTA41-600B,,13.0,A2A3,6.5,,,1.0,TRANSISTOR
,,BU1506DX,NO TIENE ECG,6.0,B1C6,3.0,,,1.0,TRANSISTOR
,,BU2090,NO TIENE ECG,20.0,B1C6,10.0,,,1.0,TRANSISTOR
,,BU2506DF,ECG2331,10.0,B1C6,5.0,,,1.0,TRANSISTOR
,,BU2508AF,ECG2354,8.0,B1C7,4.0,,,1.0,TRANSISTOR
,,BU2508DF,ECG2353,8.0,B1C7,4.0,,,1.0,TRANSISTOR
,,BU2520AX,ECG2354,8.0,B1C8,4.0,,,1.0,TRANSISTOR
,,BU2520DF,ECG2353,9.0,B1C8,4.5,,,1.0,TRANSISTOR
,,BU2527AX,ECG2365,9.0,B1C9,4.5,,,1.0,TRANSISTOR
,,BU2527DF,NO TIENE ECG,9.0,B1C9,4.5,,,1.0,TRANSISTOR
,,BU426,ECG2310,6.0,B1C6,3.0,,,1.0,TRANSISTOR
,,BU4508DX,,10.0,B1C10,5.0,,,1.0,TRANSISTOR
,,BU508D,ECG2318,7.0,B1C6,3.5,,,1.0,TRANSISTOR
,,BUH517D,,8.0,B1C11,4.0,,,1.0,TRANSISTOR
,,BUK444,ECG2388,,B1C11,,,,1.0,TRANSISTOR
,,BUK9507,,,B1C11,,,,1.0,TRANSISTOR
,,BUL312,,5.0,A2A4,2.5,,,1.0,TRANSISTOR
,,BUL312FP,,5.0,B1C12,2.5,,,1.0,TRANSISTOR
,,BUT11,,4.0,B1C12,2.0,,,1.0,TRANSISTOR
,,BUT11APX,ECG2333,4.0,B1C12,2.0,,,1.0,TRANSISTOR
,,BUW84,ECG2313,9.0,B1C13,4.5,,,1.0,TRANSISTOR
,,BUX84,ECG2313,3.0,B1C13,1.5,,,1.0,TRANSISTOR
,,BUZ11,ECG2389,5.0,B1C13,2.5,,,1.0,TRANSISTOR
,,BX6044,,,A2A5,,,,1.0,TRANSISTOR
,,BX6087,,,A2A5,,,,1.0,TRANSISTOR
,,BX7040,,,A2A5,,,,1.0,TRANSISTOR
,,C1060,NPN MEDIANO 3A 50V 25W 150 °C  ECG152,,,,,,,TRANSISTOR
,,C106D,NPN CHICO 0.05A 30V 0.25W 150 °C,3.0,B2D1,1.5,,,1.0,TRANSISTOR
,,C106M,,3.0,B2D1,1.5,,,1.0,TRANSISTOR
,,C1096,NPN MEDIANO 3A 40V 10W 150 °C ECG186A,3.0,B2D2,1.5,,,1.0,TRANSISTOR
,,C110,NPN CHICO 0.2A 40V 0.75W 150 °C,1.0,B2D1,0.5,,,1.0,TRANSISTOR
,,C114,NPN CHICO 0.2A 50V 0.75W 150 °C  ECG128,1.0,B2D1,0.5,,,1.0,TRANSISTOR
,,C114Y,,1.0,B2D1,0.5,,,1.0,TRANSISTOR
,,C124,NPN CHICO 0.025A 40V 0.25W 150 °C,1.0,B2D1,0.5,,,1.0,TRANSISTOR
,,C1313,NPN CHICO 0.1A 50V 0.2W 150 °C  ECG199,2.0,B2D3,1.0,,,1.0,TRANSISTOR
,,C1360,NPN CHICO 0.1A 50V 0.65W 150 °C  ECG199,,,,,,,TRANSISTOR
,,C1368,NPN CHICO 1.5A 25V 8W 125 °C  ECG184,,,,,,,TRANSISTOR
,,C138,NPN CHICO 0.5A 60V 0.8W 175 °C  ECG123AP,,,,,,,TRANSISTOR
,,C1383,NPN CHICO 1.5A 30V 0.75W 175 °C  ECG293,2.0,B2D3,1.0,,,1.0,TRANSISTOR
,,C143,NPN CHICO 0.2A 40V 0.36W 175 °C  ECG123AP,1.0,B2D1,0.5,,,1.0,TRANSISTOR
,,C144ESY,NPN CHICO 0.2A 50V 0.36W 175 °C,1.0,B2D1,0.5,,,1.0,TRANSISTOR
,,C144K,ECG123AP,1.0,B2D1,0.5,,,1.0,TRANSISTOR
,,C1470,NPN MEDIANO 30A 450V 200W 175 °C   NO TIENE ECG,2.0,B2D3,1.0,,,1.0,TRANSISTOR
,,C1473,ECG399,1.0,B2D3,0.5,,,1.0,TRANSISTOR
,,C1475,ECG315,2.0,B2D3,1.0,,,1.0,TRANSISTOR
,,C1507,ECG198.  =C2023,3.0,B2D3,1.5,,,1.0,TRANSISTOR
,,C1509,ECG297,2.0,B2D3,1.0,,,1.0,TRANSISTOR
,,C1627,,2.0,B2D3,1.0,,,1.0,TRANSISTOR
,,C1740,ECG85,1.0,B2D4,0.5,,,1.0,TRANSISTOR
,,C1810, ECG80,3.0,B2D4,1.5,,,1.0,TRANSISTOR
,,C1841,ECG90,1.0,B2D4,0.5,,,1.0,TRANSISTOR
,,C1845,ECG2696,1.0,B2D4,0.5,,,1.0,TRANSISTOR
,,C1890,ECG90,1.0,B2D4,0.5,,,1.0,TRANSISTOR
,,C1984,,4.0,B2D4,2.0,,,1.0,TRANSISTOR
,,C2001,ECG85,1.0,B2D4,0.5,,,1.0,TRANSISTOR
,,C2026,ECG23,1.0,B2D4,0.5,,,1.0,TRANSISTOR
,,C2053,ECG340,2.0,B2D4,1.0,,,1.0,TRANSISTOR
,,C2061,ECG297,2.0,B2D5,1.0,,,1.0,TRANSISTOR
,,C2068,ECG376,3.0,B2D5,1.5,,,1.0,TRANSISTOR
,,C2070,ECG123A,3.0,B2D5,1.5,,,1.0,TRANSISTOR
,,C2073,ECG375,3.0,B2D5,1.5,,,1.0,TRANSISTOR
,,C2078,ECG235,3.0,B2D5,1.5,,,1.0,TRANSISTOR
,,C2092,ECG2354,4.0,B2D6,2.0,,,1.0,TRANSISTOR
,,C2120,ECG289A,1.0,B2D6,0.5,,,1.0,TRANSISTOR
,,C2230,,1.0,B2D6,0.5,,,1.0,TRANSISTOR
,,C2231,ECG2541,3.0,B2D6,1.5,,,1.0,TRANSISTOR
,,C2233,ECG51,3.0,B2D6,1.5,,,1.0,TRANSISTOR
,,C2234,,3.0,B2D6,1.5,,,1.0,TRANSISTOR
,,C2236,ECG382,2.0,B2D6,1.0,,,1.0,TRANSISTOR
,,C2240,ECG2696,2.0,B2D6,1.0,,,1.0,TRANSISTOR
,,C2258,ECG2501,3.0,B2D7,1.5,,,1.0,TRANSISTOR
,,C2259,NO TIENE ECG,3.0,B2D7,1.5,,,1.0,TRANSISTOR
,,C2270,NO TIENE ECG,3.0,B2D7,1.5,,,1.0,TRANSISTOR
,,C2274,ECG289A,1.0,B2D7,0.5,,,1.0,TRANSISTOR
,,C2317,NO TIENE ECG,5.0,B2D7,2.5,,,1.0,TRANSISTOR
,,C2320,ECG85,2.0,B2D7,1.0,,,1.0,TRANSISTOR
,,C2321,NO TIENE ECG,,,,,,,TRANSISTOR
,,C2328,NO TIENE ECG,2.0,B2D7,1.0,,,1.0,TRANSISTOR
,,C2330,,2.0,B2D7,1.0,,,1.0,TRANSISTOR
,,C2331,ECG293,2.0,B2D8,1.0,,,1.0,TRANSISTOR
,,C2383,ECG31,2.0,B2D8,1.0,,,1.0,TRANSISTOR
,,C2500,ECG2363,2.0,B2D8,1.0,,,1.0,TRANSISTOR
,,C2513,NO TIENE ECG,,,,,,,TRANSISTOR
,,C2570,ECG10,1.0,B2D8,0.5,,,1.0,TRANSISTOR
,,C2625,,7.0,B2D8,3.5,,,1.0,TRANSISTOR
,,C2655,ECG2363,1.0,B2D8,0.5,,,1.0,TRANSISTOR
,,C2688,NO TIENE ECG,2.0,B2D8,1.0,,,1.0,TRANSISTOR
,,C2705,ECG31,1.5,B2D9,0.75,,,1.0,TRANSISTOR
,,C2752,ECG2327,3.0,B2D9,1.5,,,1.0,TRANSISTOR
,,C3039,ECG379,4.0,B2D9,2.0,,,1.0,TRANSISTOR
,,C3090,ECG2348,8.0,B2D9,4.0,,,1.0,TRANSISTOR
,,C3153,ECG2309,7.0,B2D9,3.5,,,1.0,TRANSISTOR
,,C3203,ECG382,1.0,B2D10,0.5,,,1.0,TRANSISTOR
,,C3205,ECG11,1.0,B2D10,0.5,,,1.0,TRANSISTOR
,,C3207,ECG399,1.0,B2D10,0.5,,,1.0,TRANSISTOR
,,C3210,ECG2308,1.0,B2D10,0.5,,,1.0,TRANSISTOR
,,C3229,ECG171,4.0,B2D10,2.0,,,1.0,TRANSISTOR
,,C3231,ECG51,5.0,B2D10,2.5,,,1.0,TRANSISTOR
,,C3263,ECG2539,7.0,B2D11,3.5,,,1.0,TRANSISTOR
,,C3271,ECG157,3.0,B2D11,1.5,,,1.0,TRANSISTOR
,,C3281,ECG2328,7.0,B2D11,3.5,,,1.0,TRANSISTOR
,,C3298,ECG2576,3.0,B2D12,1.5,,,1.0,TRANSISTOR
,,C3306,ECG2308,6.0,B2D12,3.0,,,1.0,TRANSISTOR
,,C3420,ECG2513,3.0,B2D12,1.5,,,1.0,TRANSISTOR
,,C3457,ECG2339,4.0,B2D12,2.0,,,1.0,TRANSISTOR
,,C3552,ECG2348,7.0,B2D13,3.5,,,1.0,TRANSISTOR
,,C3553,ECG2361,1.0,B2D13,0.5,,,1.0,TRANSISTOR
,,C3675,NO TIENE ECG,4.0,B2D13,2.0,,,1.0,TRANSISTOR
,,C368,,1.0,B2D2,0.5,,,1.0,TRANSISTOR
,,C3691,NO TIENE ECG,5.0,B2D13,2.5,,,1.0,TRANSISTOR
,,C3795,ECG2337,6.0,B2D13,3.0,,,1.0,TRANSISTOR
,,C3807,ECG2504,2.0,B2D14,1.0,,,1.0,TRANSISTOR
,,C3852,ECG56,4.0,B2D14,2.0,,,1.0,TRANSISTOR
,,C3853,ECG390,8.0,B2D14,4.0,,,1.0,TRANSISTOR
,,C3856,ECG2328,8.0,B2D14,4.0,,,1.0,TRANSISTOR
,,C3858,ECG58,15.0,B2D15,7.5,,,1.0,TRANSISTOR
,,C3866,,6.0,B2D15,3.0,,,1.0,TRANSISTOR
,,C3907,ECG2328,8.0,B2D15,4.0,,,1.0,TRANSISTOR
,,C3927,ECG2348,8.0,B2D15,4.0,,,1.0,TRANSISTOR
,,C3953,ECG2508,4.0,B2D15,2.0,,,1.0,TRANSISTOR
,,C3973,,3.0,B2C1,1.5,,,1.0,TRANSISTOR
,,C3997,ECG2533,10.0,B2C1,5.0,,,1.0,TRANSISTOR
,,C3998,,10.0,B2C1,5.0,,,1.0,TRANSISTOR
,,C4056,,10.0,B2C2,5.0,,,1.0,TRANSISTOR
,,C4123,ECG2353,8.0,B2C2,4.0,,,1.0,TRANSISTOR
,,C4138,ECG2311,10.0,B2C2,5.0,,,1.0,TRANSISTOR
,,C4204,,1.0,B2C2,0.5,,,1.0,TRANSISTOR
,,C4236,ECG2348,8.0,B2C3,4.0,,,1.0,TRANSISTOR
,,C4237,ECG2348,8.0,B2C3,4.0,,,1.0,TRANSISTOR
,,C4242,ECG2312,4.0,B2C3,2.0,,,1.0,TRANSISTOR
,,C4408,,2.0,B2C3,1.0,,,1.0,TRANSISTOR
,,C4423,ECG2308,9.0,B2C4,4.5,,,1.0,TRANSISTOR
,,C4460,ECG2594,9.0,B2C4,4.5,,,1.0,TRANSISTOR
,,C4517,ECG2339,4.0,B2C3,2.0,,,1.0,TRANSISTOR
,,C4518,ECG2337,4.0,B2C3,2.0,,,1.0,TRANSISTOR
,,C4544,NO TIENE ECG,4.0,B2C4,2.0,,,1.0,TRANSISTOR
,,C4547,NO TIENE ECG,5.0,B2C4,2.5,,,1.0,TRANSISTOR
,,C4558,,2.0,A2A7,1.0,,,1.0,TRANSISTOR
,,C4558led,,2.0,A2A7,1.0,,,1.0,TRANSISTOR
,,C4580,,3.0,A2A7,1.5,,,1.0,TRANSISTOR
,,C4580led,,3.0,A2A7,1.5,,,1.0,TRANSISTOR
,,C4664,ECG2582,4.0,B2C5,2.0,,,1.0,TRANSISTOR
,,C4706,ECG2598,25.0,B2C5,12.5,,,1.0,TRANSISTOR
,,C4722,NO TIENE ECG,2.0,B2C5,1.0,,,1.0,TRANSISTOR
,,C4740,,1.0,B2C5,0.5,,,1.0,TRANSISTOR
,,C4762,ECG2353,8.0,B2C5,4.0,,,1.0,TRANSISTOR
,,C4770,ECG2324,8.0,B2C5,4.0,,,1.0,TRANSISTOR
,,C4793,ECG2648,12.0,B2C6,6.0,,,1.0,TRANSISTOR
,,C4834,,10.0,B2C6,5.0,,,1.0,TRANSISTOR
,,C4916,ECG2353,8.0,B2C6,4.0,,,1.0,TRANSISTOR
,,C4924,ECG2651,8.0,B2C6,4.0,,,1.0,TRANSISTOR
,,C4927,ECG2636,8.0,B2C7,4.0,,,1.0,TRANSISTOR
,,C495,ECG184,3.0,B2D2,1.5,,,1.0,TRANSISTOR
,,C4953,ECG2337,6.0,B2C7,3.0,,,1.0,TRANSISTOR
,,C5027,ECG399,4.0,B2C7,2.0,,,1.0,TRANSISTOR
,,C5088,ECG2643,8.0,B2C8,4.0,,,1.0,TRANSISTOR
,,C5148,ECG2324,8.0,B2C8,4.0,,,1.0,TRANSISTOR
,,C5149,ECG2353,8.0,B2C8,4.0,,,1.0,TRANSISTOR
,,C5198,ECG36,7.0,B2C9,3.5,,,1.0,TRANSISTOR
,,C5200,ECG2328,9.0,B2C9,4.5,,,1.0,TRANSISTOR
,,C5241,NO TIENE ECG,5.0,B2C9,2.5,,,1.0,TRANSISTOR
,,C5244,NO TIENE ECG,28.0,B2C10,14.0,,,1.0,TRANSISTOR
,,C5250,ECG2353,8.0,B2C10,4.0,,,1.0,TRANSISTOR
,,C5271,ECG2583,7.0,B2C10,3.5,,,1.0,TRANSISTOR
,,C5287,NO TIENE ECG,8.0,B2C10,4.0,,,1.0,TRANSISTOR
,,C5296,ECG2353,9.0,B2C11,4.5,,,1.0,TRANSISTOR
,,C5297,ECG2324,7.0,B2C11,3.5,,,1.0,TRANSISTOR
,,C5299,ECG2651,8.0,B2C12,4.0,,,1.0,TRANSISTOR
,,C532107,,8.0,A2A7,4.0,,,1.0,INTEGRADO
,,C5386,ECG2365,7.0,B2C12,3.5,,,1.0,TRANSISTOR
,,C5404,ECG2642,10.0,B2C12,5.0,,,1.0,TRANSISTOR
,,C5622,ECG2636,8.0,B2C13,4.0,,,1.0,TRANSISTOR
,,C575,,4.5,A2A7,2.25,,,1.0,INTEGRADO
,,C5802,ECG2651,9.0,B2C13,4.5,,,1.0,TRANSISTOR
,,C5856,NO TIENE ECG,8.0,B2C13,4.0,,,1.0,TRANSISTOR
,,C5885,ECG2679,8.0,B2C13,4.0,,,1.0,TRANSISTOR
,,C5902,NO TIENE ECG,8.0,B3C14,4.0,,,1.0,TRANSISTOR
,,C5929,,10.0,B2C14,5.0,,,1.0,TRANSISTOR
,,C5936,ECG2354,10.0,B2C14,5.0,,,1.0,TRANSISTOR
,,C6073,NO TIENE ECG,7.0,B2C15,3.5,,,1.0,TRANSISTOR
,,C6090,NO TIENE ECG,6.0,B2C15,3.0,,,1.0,TRANSISTOR
,,C6093,NO TIENE ECG,6.0,B2C15,3.0,,,1.0,TRANSISTOR
,,C815,ECG293,1.0,B2D2,0.5,,,1.0,TRANSISTOR
,,C8266,,8.0,B2C15,4.0,,,1.0,TRANSISTOR
,,C828,,1.0,B2D2,0.5,,,1.0,TRANSISTOR
,,C9012,ECG159,,,,,,,TRANSISTOR
,,C9018,NO TIENE ECG,1.0,B2C15,0.5,,,1.0,TRANSISTOR
,,C930,ECG107,1.0,B2D2,0.5,,,1.0,TRANSISTOR
,,C945,ECG85,1.0,B2D2,0.5,,,1.0,TRANSISTOR
,,CA3140,,5.0,A2A7,2.5,,,1.0,TRANSISTOR
,,CA5668,,10.0,A2A7,5.0,,,1.0,TRANSISTOR
,,CD1130,,,A2A8,,,,1.0,TRANSISTOR
,,CD1517,,12.0,A2A8,6.0,,,1.0,TRANSISTOR
,,CD40106,,5.0,B3B10,2.5,,,1.0,TRANSISTOR
,,CD4011BCN,,,A2A8,,,,1.0,TRANSISTOR
,,CD4013,,3.0,B3B7,1.5,,,1.0,TRANSISTOR
,,CD4016,,3.0,B3B7,1.5,,,1.0,TRANSISTOR
,,CD4017,,5.0,B3B7,2.5,,,1.0,TRANSISTOR
,,CD4021,,3.5,B3B8,1.75,,,1.0,TRANSISTOR
,,CD4047,,4.0,B3B8,2.0,,,1.0,TRANSISTOR
,,CD4052,,5.0,B3B8,2.5,,,1.0,TRANSISTOR
,,CD4052BE,,3.0,A2A8,1.5,,,1.0,TRANSISTOR
,,CD4053B,,3.0,A2A8,1.5,,,1.0,TRANSISTOR
,,CD4066,,5.0,A2A8,2.5,,,1.0,TRANSISTOR
,,CD4069,,4.0,A2A8,2.0,,,1.0,TRANSISTOR
,,CD4075,,5.0,B3B9,2.5,,,1.0,TRANSISTOR
,,CD4081,,4.0,B3B10,2.0,,,1.0,TRANSISTOR
,,CD4093,,5.0,B3B10,2.5,,,1.0,TRANSISTOR
,,CD4094,,6.0,B3B10,3.0,,,1.0,TRANSISTOR
,,CQ0765RT,,10.0,B2A13,5.0,,,1.0,INTEGRADO
,,CQ1265RT,,10.0,B2A13,5.0,,,1.0,INTEGRADO
,,CQ1565R,,14.0,B2A13,7.0,,,1.0,INTEGRADO
,,CSC2313,,10.0,A2A9,5.0,,,1.0,INTEGRADO
,,CSM2B4,,6.0,B2A13,3.0,,,1.0,INTEGRADO
,,CSM2BU,,8.0,A2A9,4.0,,,1.0,INTEGRADO
,,CX1081,,,A2A9,,,,1.0,INTEGRADO
,,CXA1013S,,35.0,A2A9,17.5,,,1.0,INTEGRADO
,,CXA1019,,6.0,A2A9,3.0,,,1.0,INTEGRADO
,,CXA1081S,,,A2A9,,,,1.0,INTEGRADO
,,CXA1082BS,,30.0,A2A9,15.0,,,1.0,INTEGRADO
,,CXA1291P,,,A2A10,,,,1.0,INTEGRADO
,,CXA1350,,,A2A10,,,,1.0,INTEGRADO
,,CXA1446S,,,A2A13,,,,1.0,INTEGRADO
,,CXA1465AS,,50.0,A2A10,25.0,,,1.0,INTEGRADO
,,CXA1538,,15.0,A2A10,7.5,,,1.0,INTEGRADO
,,CXA1691BM,,22.0,A2A11,11.0,,,1.0,INTEGRADO
,,CXA1691BS,,12.0,A2A11,6.0,,,1.0,INTEGRADO
,,CXA1870,,30.0,A2A11,15.0,,,1.0,INTEGRADO
,,CXA2025AS,,,A2A11,,,,1.0,INTEGRADO
,,CXA2131AS,,40.0,A2A11,20.0,,,1.0,INTEGRADO
,,CXD1130,,20.0,A2A13,10.0,,,1.0,INTEGRADO
,,CXD98740M,,,A2A13,,,,1.0,INTEGRADO
,,CXD9879AM,,50.0,A2A13,25.0,,,1.0,INTEGRADO
,,CXD9879M,,50.0,A2A13,25.0,,,1.0,INTEGRADO
,,CXP5034M,,,A2A13,,,,1.0,INTEGRADO
,,D1047,NPN GRANDE 12A 160V 100W 150 °C ECG36,6.0,B3C4,3.0,,,1.0,TRANSISTOR
,,D1064,NPN GRANDE 12A 60V 80W 150 °C ECG2304,6.0,B3C4,3.0,,,1.0,TRANSISTOR
,,D1092,NPN GRANDE 4A 55V 80W 150 °C ECG2330,6.0,B3C5,3.0,,,1.0,TRANSISTOR
,,D10V100,,10.0,A2A14,5.0,,,1.0,TRANSISTOR
,,D1207,NPN CHICO 2A 60V 1W 150 °C ECG2363,2.0,B3C5,1.0,,,1.0,TRANSISTOR
,,D1273,NPN MEDIANO 3A 80V 40W 150 °C ECG56,4.0,B3C5,2.0,,,1.0,TRANSISTOR
,,D1274,NPN MEDIANO 6A 160V 40W 150 °C ECG54,3.0,B3C5,1.5,,,1.0,TRANSISTOR
,,D1275,NPN MEDIANO 2A 60V 35W 150 °C ECG261,3.0,B3C5,1.5,,,1.0,TRANSISTOR
,,D1294,NPN GRANDE 5A 60V 80W 150 °C ECG2335,7.0,B3C5,3.5,,,1.0,TRANSISTOR
,,D1398,NPN GRANDE 5A 1500V 1200W 150 °C ECG2302,8.0,B3C6,4.0,,,1.0,TRANSISTOR
,,D1406,NPN MEDIANO 3A 60V 25W 150 °C,5.0,B3C6,2.5,,,1.0,TRANSISTOR
,,D1414,NPN MEDIANO 4A 100V 20W 150 °C ECG2547,5.0,B3C6,2.5,,,1.0,TRANSISTOR
,,D1439,NPN GRANDE 3A 1500V 50W 150 °C ECG2302,8.0,B3C6,4.0,,,1.0,TRANSISTOR
,,D1457,NPN GRANDE 6A 100V 60W 175 °C ECG377,7.0,B3C7,3.5,,,1.0,TRANSISTOR
,,D1458,NPN CHICO 0.7A 20V 1W 150 °C ECG16006,1.0,B3C7,0.5,,,1.0,TRANSISTOR
,,D1555,NPN GRANDE 5A 1500V 50W 150 °C ECG2331,7.0,B3C7,3.5,,,1.0,TRANSISTOR
,,D1556,NPN GRANDE 6A 1500V 50W 150 °C,8.0,B3C7,4.0,,,1.0,TRANSISTOR
,,D1577,NPN GRANDE 5A 1500V 100W 150 °C ECG2300,7.0,B3C7,3.5,,,1.0,TRANSISTOR
,,D1589,NPN MEDIANO 5A 150V 20W 150 °C,,,,,,,TRANSISTOR
,,D1632,NPN GRANDE 4A 1500V 80W 175 °C,6.0,B3C8,3.0,,,1.0,TRANSISTOR
,,D1651,NPN GRANDE 5A 1500V 60W 150 °C,6.0,B3C8,3.0,,,1.0,TRANSISTOR
,,D1711,NPN GRANDE 5A 1500V 100W 150 °C,7.0,B3C8,3.5,,,1.0,TRANSISTOR
,,D1762,NPN MEDIANO 3A 60V 25W 150 °C ECG2673,5.0,B3C8,2.5,,,1.0,TRANSISTOR
,,D1789,NPN MEDIANO 4A 200V 25W 150 °C ECG2553,9.0,B3C8,4.5,,,1.0,TRANSISTOR
,,D1796,NPN MEDIANO 4A 60V 25W 150 °C,5.0,B3C9,2.5,,,1.0,TRANSISTOR
,,D1825,NPN MEDIANO 4A 70V 20W 150 °C ECG2551,5.0,B3C9,2.5,,,1.0,TRANSISTOR
,,D1877,NPN GRANDE 4A 1500V 50W 150 °C ECG2331,6.0,B3C9,3.0,,,1.0,TRANSISTOR
,,D1880,NPN GRANDE 8A 1500V 70W 150 °C ECG2353,8.0,B3C9,4.0,,,1.0,TRANSISTOR
,,D1886,NPN GRANDE 8A 1500V 70W 150 °C ECG2324,8.0,B3C9,4.0,,,1.0,TRANSISTOR
,,D1944,NPN MEDIANO 3A 80V 30W 150 °C ECG56,5.0,B3C10,2.5,,,1.0,TRANSISTOR
,,D2012,NPN MEDIANO 3A 60V 25W 150 °C ECG54,5.0,B3C10,2.5,,,1.0,TRANSISTOR
,,D2058,NPN MEDIANO 3A 60V 25W 150 °C ECG377,5.0,B3C10,2.5,,,1.0,TRANSISTOR
,,D2061,NPN MEDIANO 3A 80V 30W 150 °C ECG152,4.0,B3C10,2.0,,,1.0,TRANSISTOR
,,D2089,NPN GRANDE 3.5A 1500V 40W 150 °C ECG2331,7.0,B3C10,3.5,,,1.0,TRANSISTOR
,,D2092,NPN MEDIANO 3A 100V 25W 150 °C NO TIENE ECG,8.0,B3C11,4.0,,,1.0,TRANSISTOR
,,D2095,NPN GRANDE 5A 15000V 50W 150 °C NO TIENE ECG,8.0,B3C11,4.0,,,1.0,TRANSISTOR
,,D20962,,10.0,A2A16,5.0,,,1.0,TRANSISTOR
,,D2102,NPN MEDIANO 4A 60V 25W 150 °C NO TIENE ECG,8.0,B3C11,4.0,,,1.0,TRANSISTOR
,,D2137,NPN MEDIANO 3A 60V 15W 150 °C NO TIENE ECG,5.0,B3C11,2.5,,,1.0,TRANSISTOR
,,D2144,NPN CHICO 0.5A 25V 0.3W 150 °C ECG2503,1.0,B3C12,0.5,,,1.0,TRANSISTOR
,,D2253,NPN GRANDE 6A 1700V 50W 150 °C ECG2678,8.0,B3C12,4.0,,,1.0,TRANSISTOR
,,D2263,NPN CHICO 0.5A 25V 0.5W 150 °C NO TIENE ECG,8.0,B3C12,4.0,,,1.0,TRANSISTOR
,,D2394,NPN MEDIANO 3A 80V 25W 150 °C ECG56,4.0,B3C12,2.0,,,1.0,TRANSISTOR
,,D2395,NPN MEDIANO 3A 60V 25W 150 °C ECG2673,4.0,B3C12,2.0,,,1.0,TRANSISTOR
,,D2396,NPN GRANDE 3A 80V 30W 150 °C ECG56,4.0,B3C13,2.0,,,1.0,TRANSISTOR
,,D2398,NPN MEDIANO 2A 100V 20W 150 °C NO TIENE ECG,5.0,B3C13,2.5,,,1.0,TRANSISTOR
,,D2439,NPN GRANDE 10A 160V 80W 150 °C ECG2649,7.0,B3C13,3.5,,,1.0,TRANSISTOR
,,D2495,NPN GRANDE 6A 110V 30W 150 °C ECG2693,3.0,B3C13,1.5,,,1.0,TRANSISTOR
,,D2498,NPN GRANDE 6A 1500V 50W 150 °C ECG2324,8.0,B3C14,4.0,,,1.0,TRANSISTOR
,,D2499,NPN GRANDE 6A 1500V 50W 150 °C ECG2331,7.0,B3C14,3.5,,,1.0,TRANSISTOR
,,D2539,NPN GRANDE 7A 1500V 50W 150 °C ECG2353,7.0,B3C14,3.5,,,1.0,TRANSISTOR
,,D2553,NPN GRANDE 12A 160V 80W 150 °C ECG2639,10.0,B3C14,5.0,,,1.0,TRANSISTOR
,,D2578,NPN GRANDE 8A 1500V 60W 150 °C ECG2353,8.0,B3C15,4.0,,,1.0,TRANSISTOR
,,D2580,NPN GRANDE 10A 1500V 70W 150 °C ECG2353,8.0,B3C15,4.0,,,1.0,TRANSISTOR
,,D2586,NPN GRANDE 5A 1500V 50W 150 °C ECG2353,8.0,B3C15,4.0,,,1.0,TRANSISTOR
,,D261,NPN CHICO 0.7A 40V 0.5W 125 °C,1.0,B3C1,0.5,,,1.0,TRANSISTOR
,,D2624,NPN GRANDE 6A 1500V 60W 150 °C ECG2353,8.0,B3D1,4.0,,,1.0,TRANSISTOR
,,D2627,NPN MEDIANO 6A 1500V 30W 150 °C ECG2640,6.0,B3D1,3.0,,,1.0,TRANSISTOR
,,D2634,NPN GRANDE 8A 1500V 65W 150 °C ECG2353,8.0,B3D1,4.0,,,1.0,TRANSISTOR
,,D2642,NPN MEDIANO 6A 110V 30W 150 °C,5.0,B3D2,2.5,,,1.0,TRANSISTOR
,,D2689,NPN MEDIANO 10A 1500V 35W 150 °C  NO TIENE ECG,6.0,B3D2,3.0,,,1.0,TRANSISTOR
,,D288,NPN MEDIANO 2A 80V 20W 150 °C  ECG196,3.0,B3C1,1.5,,,1.0,TRANSISTOR
,,D362,NPN MEDIANO 8A 150V 40W 175 °C ECG54,3.0,B3C1,1.5,,,1.0,TRANSISTOR
,,D368,NPN MEDIANO 10A 1300V 50W 150 °C,2.0,B3C1,1.0,,,1.0,TRANSISTOR
,,D390,NPN MEDIANO 3A 60V 25W 150 °C     ECG152,3.0,B3C1,1.5,,,1.0,TRANSISTOR
,,D400,NPN CHICO 1A 25V 0.75W 125 °C ECG382,2.0,B3C1,1.0,,,1.0,TRANSISTOR
,,D4050,NPN CHICO 0.1A 120V 0.3W 150 °C,3.0,B3B8,1.5,,,1.0,TRANSISTOR
,,D408,NPN MEDIANO 5A 150V 25W 150 °C,2.0,B3C2,1.0,,,1.0,TRANSISTOR
,,D468,NPN CHICO 0.5A 20V 0.9W 125 °C,2.0,B3C2,1.0,,,1.0,TRANSISTOR
,,D471,NPN CHICO 1A 30V 0.8W 150 °C ECG293,1.0,B3C2,0.5,,,1.0,TRANSISTOR
,,D4SB80Z05,,15.0,B2A13,7.5,,,1.0,TRANSISTOR
,,D5017,NPN GRANDE 6A 1500V 60W 150 °C NO TIENE ECG,8.0,B3D2,4.0,,,1.0,TRANSISTOR
,,D5023,NPN MEDIANO 6A 1500V 40W 150 °C  NO TIENE ECG,6.0,B3D2,3.0,,,1.0,TRANSISTOR
,,D5024,NPN GRANDE 6A 1500V 40W 150 °C  NO TIENE ECG,6.0,B3D3,3.0,,,1.0,TRANSISTOR
,,D5032,NPN GRANDE 8A 1500V 50W 150 °C NO TIENE ECG,10.0,B3D3,5.0,,,1.0,TRANSISTOR
,,D5036,NPN GRANDE 8A 1700V 50W 150 °C  NO TIENE ECG,9.0,B3D3,4.5,,,1.0,TRANSISTOR
,,D5038,NPN GRANDE 10A 1200V 50W 150 °C  NO TIENE ECG,8.0,B3D3,4.0,,,1.0,TRANSISTOR
,,D5071,NPN GRANDE 3.5A 1500V 50W 150 °C   NO TIENE ECG,7.0,B3D4,3.5,,,1.0,TRANSISTOR
,,D5072,NPN GRANDE 5A 1500V 60W 150 °C  ECG2331,7.0,B3D4,3.5,,,1.0,TRANSISTOR
,,D526,NPN MEDIANO 4A 80V 30W 150 °C ECG241,3.0,B3C2,1.5,,,1.0,TRANSISTOR
,,D5287,NPN GRANDE 5A 900V 50W 150 °C NO TIENE ECG,8.0,B3D4,4.0,,,1.0,TRANSISTOR
,,D5404,NO TIENE ECG,10.0,B3D5,5.0,,,1.0,TRANSISTOR
,,D5702,NPN GRANDE 6A 1500V 60W 150 °C  ECG2354,8.0,B3D5,4.0,,,1.0,TRANSISTOR
,,D5703,NPN GRANDE 10A 1500V 70W 150 °C ECG2677,8.0,B3D5,4.0,,,1.0,TRANSISTOR
,,D588,NPN MEDIANO 7A 150V 80W 150 °C,3.0,B3C2,1.5,,,1.0,TRANSISTOR
,,D613,NPN MEDIANO 6A 100V 40W 150 °C ECG377,3.0,B3C2,1.5,,,1.0,TRANSISTOR
,,D667,NPN CHICO 1A 80V 0.9W 150 °C ECG382,2.0,B3C2,1.0,,,1.0,TRANSISTOR
,,D669,NPN CHICO 1.5A 180V 1W 175 °C ECG373,2.0,B3C2,1.0,,,1.0,TRANSISTOR
,,D718,NPN GRANDE 8A 120V 80W 150 °C,8.0,B3C3,4.0,,,1.0,TRANSISTOR
,,D7723,NO TIENE ECG,3.0,B3D6,1.5,,,1.0,TRANSISTOR
,,D773,NPN CHICO 2A 20V 1W 150 °C ECG293,2.0,B3C3,1.0,,,1.0,TRANSISTOR
,,D789,NPN CHICO 1A 100V 0.9W 175 °C ECG315,3.0,B3C3,1.5,,,1.0,TRANSISTOR
,,D834,NPN MEDIANO 4A 250V 25W 150 °C,3.0,B3C3,1.5,,,1.0,TRANSISTOR
,,D847,NPN GRANDE 15A 40V 80W 150 °C ECG2304,7.0,B3C3,3.5,,,1.0,TRANSISTOR
,,D880,NPN MEDIANO 3A 60V 30W 150 °C ECG152,2.0,B3C3,1.0,,,1.0,TRANSISTOR
,,D882,NPN CHICO 3A 40V 10W 150 °C ECG184,2.0,B3C3,1.0,,,1.0,TRANSISTOR
,,D917,NPN GRANDE 7A 330V 70W 150 °C ECG2308,6.0,B3C4,3.0,,,1.0,TRANSISTOR
,,D965,NPN CHICO 5A 40V 0.75W 150 °C ECG11,1.0,B3C4,0.5,,,1.0,TRANSISTOR
,,DBL1011,,5.0,A2A14,2.5,,,1.0,TRANSISTOR
,,DBL1026,,5.0,A2A14,2.5,,,1.0,TRANSISTOR
,,DBL1034,,5.0,A2A15,2.5,,,1.0,TRANSISTOR
,,DBL2002,,10.0,A2A15,5.0,,,1.0,TRANSISTOR
,,DBL2018,,15.0,A2A15,7.5,,,1.0,TRANSISTOR
,,DBL494,,5.0,A2A14,2.5,,,1.0,TRANSISTOR
,,DBL567,,5.0,A2A14,2.5,,,1.0,TRANSISTOR
,,DCF1551,,28.0,A1,14.0,,,1.0,FLYBACK
,,DCF1577,,,A1,,,,1.0,FLYBACK
,,DCF2077,,26.0,A1,13.0,,,1.0,FLYBACK
,,DFF98020,,30.0,A1,15.0,,,1.0,FLYBACK
,,DH321,,10.0,A2A15,5.0,,,1.0,TRANSISTOR
,,DH391,,8.0,A2A15,4.0,,,1.0,TRANSISTOR
,,DM0265,,10.0,A2A15,5.0,,,1.0,TRANSISTOR
,,DM0365,,13.0,A2A15,6.5,,,1.0,TRANSISTOR
,,DM0465R,,20.0,A2A16,10.0,,,1.0,TRANSISTOR
,,DM7401,,5.0,B3B10,2.5,,,1.0,TRANSISTOR
,,DP104,,5.0,A2A16,2.5,,,1.0,TRANSISTOR
,,DP704,,,A2A16,,,,1.0,TRANSISTOR
,,DP804,,13.0,A2A16,6.5,,,1.0,TRANSISTOR
,,DP904,,4.0,A2A16,2.0,,,1.0,TRANSISTOR
,,DPM0017,,30.0,A2A16,15.0,,,1.0,TRANSISTOR
,,DT5NF20F,,,A1,,,,1.0,FLYBACK
,,ECG299,,3.0,B1D10,1.5,,,1.0,TRANSISTOR
,,ECG311,=M9599,1.0,B1D10,0.5,,,1.0,TRANSISTOR
,,ECG6087,,,A2A17,,,,1.0,TRANSISTOR
,,ECG68,,15.0,A2B12,7.5,,,1.0,TRANSISTOR
,,EI3003,,,A2A17,,,,1.0,TRANSISTOR
,,EI3005,,6.0,A2A17,3.0,,,1.0,TRANSISTOR
,,ES108,ECG243,2.0,B1D10,1.0,,,1.0,TRANSISTOR
,,F2D,,7.0,A2A17,3.5,,,1.0,TRANSISTOR
,,FA2017,,,A1,,,,1.0,FLYBACK
,,FCK1411E10A,,40.0,A1,20.0,,,1.0,FLYBACK
,,FCK1415JL,,26.0,A1,13.0,,,1.0,FLYBACK
,,FCM20A010M,,,A1,,,,1.0,FLYBACK
,,FCO14042,,36.0,A1,18.0,,,1.0,FLYBACK
,,FCO14A030C,,36.0,A1,18.0,,,1.0,FLYBACK
,,FCR25A001,,,A1,,,,1.0,FLYBACK
,,FCR29A001,,40.0,A1,20.0,,,1.0,FLYBACK
,,FCV1422L01,,30.0,A1,15.0,,,1.0,FLYBACK
,,FCZ29A001,,40.0,A1,20.0,,,1.0,FLYBACK
,,FFA61012K,,35.0,A1,17.5,,,1.0,FLYBACK
,,FKD15A006,,,A1,,,,1.0,FLYBACK
,,FKD15B002M,,36.0,A1,18.0,,,1.0,FLYBACK
,,FKG15A006,,35.0,A1,17.5,,,1.0,FLYBACK
,,FN1016,,10.0,A2A17,5.0,,,1.0,TRANSISTOR
,,FN6016,,,A2A17,,,,1.0,TRANSISTOR
,,FN651,,10.0,A2A17,5.0,,,1.0,TRANSISTOR
,,FQ50N06,,7.0,A2A,3.5,,,1.0,TRANSISTOR
,,FQA15A001,,30.0,A1,15.0,,,1.0,FLYBACK
,,FQM15A007,,30.0,A1,15.0,,,1.0,FLYBACK
,,FQM17A001,,30.0,A1,15.0,,,1.0,FLYBACK
,,FS10KM,,8.0,A2A18,4.0,,,1.0,INTEGRADO
,,FS5KM,,10.0,A2A18,5.0,,,1.0,INTEGRADO
,,FSA14A003,,36.0,A1,18.0,,,1.0,FLYBACK
,,FSA15A002,,38.0,A1,19.0,,,1.0,FLYBACK
,,FSA15A005,,25.0,A1,12.5,,,1.0,FLYBACK
,,FSA28014M,,26.0,A1,13.0,,,1.0,FLYBACK
,,FSA37012M,,40.0,A1,20.0,,,1.0,FLYBACK
,,FSA61012M,,35.0,A1,17.5,,,1.0,FLYBACK
,,FSV14A001,,35.0,A1,17.5,,,1.0,FLYBACK
,,FSV14A004,,30.0,A1,15.0,,,1.0,FLYBACK
,,FSV20A099,,,A1,,,,1.0,FLYBACK
,,FSV20B018,,35.0,A1,17.5,,,1.0,FLYBACK
,,FUH29A001,,50.0,A1,25.0,,,1.0,FLYBACK
,,G4PC50,,28.0,A2A19,14.0,,,1.0,INTEGRADO
,,GL494,=GS9450,2.5,A2A18,1.25,,,1.0,INTEGRADO
,,GL7440,,10.0,A2A18,5.0,,,1.0,INTEGRADO
,,GM0765,,17.0,A2A18,8.5,,,1.0,INTEGRADO
,,GS8208-08C,,,A2A19,,,,1.0,INTEGRADO
,,GS8908-02H,,,A2A19,,,,1.0,INTEGRADO
,,GS9450,=GL494,2.5,A2A18,1.25,,,1.0,INTEGRADO
,,H6NA80,,12.0,B2A14,6.0,,,1.0,INTEGRADO
,,HA1755,,10.0,A2A19,5.0,,,1.0,TRANSISTOR
,,HAI14817,,50.0,A2A20,25.0,,,1.0,TRANSISTOR
,,HAI3151 4K3,,35.0,A2A20,17.5,,,1.0,TRANSISTOR
,,HAI3151 4L3,,24.0,A2A20,12.0,,,1.0,TRANSISTOR
,,HAI3173,,18.0,A2A20,9.0,,,1.0,TRANSISTOR
,,HCD4013,,3.0,A2A21,1.5,,,1.0,TRANSISTOR
,,HCF4001,,5.0,B3B7,2.5,,,1.0,TRANSISTOR
,,HCF4007,,3.0,B3B7,1.5,,,1.0,TRANSISTOR
,,HCF4011,,3.0,A2A21,1.5,,,1.0,TRANSISTOR
,,HCF4017,,,A2A21,,,,1.0,TRANSISTOR
,,HCF4023,,4.0,B3B8,2.0,,,1.0,TRANSISTOR
,,HCF4040,,4.0,B3B8,2.0,,,1.0,TRANSISTOR
,,HCF4052,,3.0,A2A22,1.5,,,1.0,TRANSISTOR
,,HCF4066B,,3.5,A2A21,1.75,,,1.0,TRANSISTOR
,,HCF4070,,4.0,B3B9,2.0,,,1.0,TRANSISTOR
,,HCF4094,,3.0,A2A22,1.5,,,1.0,TRANSISTOR
,,HCF41BE,,3.0,A2A22,1.5,,,1.0,TRANSISTOR
,,HEF4018,,5.0,B3B7,2.5,,,1.0,TRANSISTOR
,,HEF4072,,5.0,B3B9,2.5,,,1.0,TRANSISTOR
,,HEF4076,,4.0,B3B9,2.0,,,1.0,TRANSISTOR
,,HF20M,,1.0,B1D10,0.5,,,1.0,TRANSISTOR
,,HI1000,,40.0,A2A22,20.0,,,1.0,TRANSISTOR
,,HI1004,,40.0,A2A22,20.0,,,1.0,TRANSISTOR
,,HI200-4,,50.0,A2A22,25.0,,,1.0,TRANSISTOR
,,HIS0169,,8.0,A2A19,4.0,,,1.0,TRANSISTOR
,,HIS0169B,,,A2A23,,,,1.0,TRANSISTOR
,,IA38BR,,7.0,A2A23,3.5,,,1.0,TRANSISTOR
,,ICE20503,,6.0,A2A23,3.0,,,1.0,INTEGRADO
,,ICE3B0365J,,8.0,B2A14,4.0,,,1.0,INTEGRADO
,,IR2153,,6.0,B1A1,3.0,,,1.0,TRANSISTOR
,,IR2E02,,7.0,B1A1,3.5,,,1.0,TRANSISTOR
,,IR76,,22.0,B1A1,11.0,,,1.0,TRANSISTOR
,,IRF1407,,7.0,B1A5,3.5,,,1.0,MOSFET
,,IRF3205,ECG2991,5.0,B1A5,2.5,,,1.0,MOSFET
,,IRF450,,10.0,B1A2,5.0,,,1.0,MOSFET
,,IRF510,,5.0,B1A2,2.5,,,1.0,MOSFET
,,IRF530,ECG66,5.0,B1A2,2.5,,,1.0,MOSFET
,,IRF540,ECG2396,4.0,A2A23,2.0,,,1.0,MOSFET
,,IRF61413,NO TIENE ECG,10.0,B1A6,5.0,,,1.0,MOSFET
,,IRF620,ECG2388,4.0,B1A2,2.0,,,1.0,MOSFET
,,IRF630,,4.0,B1A3,2.0,,,1.0,MOSFET
,,IRF634,ECG2900,6.0,B1A3,3.0,,,1.0,MOSFET
,,IRF640,ECG2374,4.0,B1A3,2.0,,,1.0,MOSFET
,,IRF730A,NO TIENE ECG,5.0,B1A3,2.5,,,1.0,MOSFET
,,IRF740,ECG2397,7.0,B1A4,3.5,,,1.0,MOSFET
,,IRF822,ECG2380,3.0,B1A4,1.5,,,1.0,MOSFET
,,IRF830,ECG2398,7.0,B1A4,3.5,,,1.0,MOSFET
,,IRF840,ECG2385,5.0,B1A4,2.5,,,1.0,MOSFET
,,IRF9530,,5.0,B1A5,2.5,,,1.0,MOSFET
,,IRF9540,ECG2371,5.0,B1A5,2.5,,,1.0,MOSFET
,,IRF9610,ECG2372,5.0,B1A6,2.5,,,1.0,MOSFET
,,IRF9630,ECG2373,3.0,B1A6,1.5,,,1.0,MOSFET
,,IRFP150N,ECG2967,10.0,B1A7,5.0,,,1.0,MOSFET
,,IRFP250N,NO TIENE ECG,10.0,B1A7,5.0,,,1.0,MOSFET
,,IRFP260N,ECG2916,11.0,B1A7,5.5,,,1.0,MOSFET
,,IRFP450,ECG2394,,,,,,,MOSFET
,,IRFP460,ECG2970,8.0,B1A7,4.0,,,1.0,MOSFET
,,IRFS640,ECG2944,8.0,B1A8,4.0,,,1.0,MOSFET
,,IRFZ24,,4.0,B1A9,2.0,,,1.0,MOSFET
,,IRFZ44N,ECG2395,4.0,B1A9,2.0,,,1.0,MOSFET
,,IRFZ48N,ECG2904,6.0,B1A9,3.0,,,1.0,MOSFET
,,J176,,,A2A23,,,,1.0,TRANSISTOR
,,J449,,4.0,A2A23,2.0,,,1.0,TRANSISTOR
,,J46AF,,7.0,A2A24,3.5,,,1.0,TRANSISTOR
,,J5804,,8.0,A2A24,4.0,,,1.0,TRANSISTOR
,,J6810A,=TT2142,10.0,A2A24,5.0,,,1.0,TRANSISTOR
,,J6810D,,10.0,A2A24,5.0,,,1.0,TRANSISTOR
,,J6820,,15.0,A2A24,7.5,,,1.0,TRANSISTOR
,,J6920,,15.0,A2A24,7.5,,,1.0,TRANSISTOR
,,JF0501-19272R,,46.0,A1,23.0,,,1.0,FLYBACK
,,K1094,NO TIENE ECG,10.0,B1B3,5.0,,,1.0,TRANSISTOR
,,K1096,ECG2374,8.0,B1B3,4.0,,,1.0,TRANSISTOR
,,K1117,ECG2379,4.0,B1B3,2.0,,,1.0,TRANSISTOR
,,K1482,NO TIENE ECG,2.0,B1B3,1.0,,,1.0,TRANSISTOR
,,K1507,ECG2989,6.0,B1B3,3.0,,,1.0,TRANSISTOR
,,K1537,ECG2377,15.0,B1B4,7.5,,,1.0,TRANSISTOR
,,K1603,ECG2399,8.0,B1B4,4.0,,,1.0,TRANSISTOR
,,K1606,ECG2385,8.0,B1B4,4.0,,,1.0,TRANSISTOR
,,K1692,ECG2377,8.0,B1B4,4.0,,,1.0,TRANSISTOR
,,K16A60W,,14.0,B2A8,7.0,,,1.0,INTEGRADO
,,K170,ECG312,1.0,B1B1,0.5,,,1.0,TRANSISTOR
,,K1794,ECG2377,8.0,B1B4,4.0,,,1.0,TRANSISTOR
,,K1833,ECG2398,8.0,B1B5,4.0,,,1.0,TRANSISTOR
,,K18A50D,,16.0,B2A8,8.0,,,1.0,INTEGRADO
,,K2003,NO TIENE ECG,6.0,B1B5,3.0,,,1.0,TRANSISTOR
,,K2026,=C2026,3.0,B1B5,1.5,,,1.0,TRANSISTOR
,,K2038,ECG2377,16.0,B1B5,8.0,,,1.0,TRANSISTOR
,,K2043,ECG2387,8.0,B1B5,4.0,,,1.0,TRANSISTOR
,,K2182,ECG2976,10.0,B1B6,5.0,,,1.0,TRANSISTOR
,,K2185,ECG2976,10.0,B1B6,5.0,,,1.0,TRANSISTOR
,,K2188,ECG2385,15.0,B1B6,7.5,,,1.0,TRANSISTOR
,,K2233,NO TIENE ECG,,,,,,,TRANSISTOR
,,K2275,NO TIENE ECG,10.0,B1B6,5.0,,,1.0,TRANSISTOR
,,K2276,NO TIENE ECG,8.0,B1B6,4.0,,,1.0,TRANSISTOR
,,K2333,ECG2976,6.0,B1B7,3.0,,,1.0,TRANSISTOR
,,K2398,NO TIENE ECG,,,,,,,TRANSISTOR
,,K246,NO TIENE ECG,5.0,B1B1,2.5,,,1.0,TRANSISTOR
,,K2488,ECG2973,16.0,B1B7,8.0,,,1.0,TRANSISTOR
,,K2545,ECG2379,6.0,B1B7,3.0,,,1.0,TRANSISTOR
,,K2611,=K2488,16.0,B1B7,8.0,,,1.0,TRANSISTOR
,,K2640,ECG2999,8.0,B1B7,4.0,,,1.0,TRANSISTOR
,,K2645,ECG2989,8.0,B1B8,4.0,,,1.0,TRANSISTOR
,,K2662,ECG2379,8.0,B1B8,4.0,,,1.0,TRANSISTOR
,,K2671,ECG2959,8.0,B1B8,4.0,,,1.0,TRANSISTOR
,,K2723,ECG2389,8.0,B1B8,4.0,,,1.0,TRANSISTOR
,,K2746,ECG2377,8.0,B1B8,4.0,,,1.0,TRANSISTOR
,,K2845,NO TIENE ECG,10.0,B1B9,5.0,,,1.0,TRANSISTOR
,,K2876,ECG2989,7.0,B1B9,3.5,,,1.0,TRANSISTOR
,,K2937,ECG2914,10.0,B1B9,5.0,,,1.0,TRANSISTOR
,,K2961,NO TIENE ECG,7.0,B1B9,3.5,,,1.0,TRANSISTOR
,,K2996,ECG2989,7.0,B1B9,3.5,,,1.0,TRANSISTOR
,,K3053,ECG2941,8.0,B1B10,4.0,,,1.0,TRANSISTOR
,,K3115,ECG2974,8.0,B1B10,4.0,,,1.0,TRANSISTOR
,,K330,NO TIENE ECG,1.0,B1B1,0.5,,,1.0,TRANSISTOR
,,K3326,NO TIENE ECG,10.0,B1B10,5.0,,,1.0,TRANSISTOR
,,K3451,NO TIENE ECG,12.0,B1B10,6.0,,,1.0,TRANSISTOR
,,K3563,ECG2903,10.0,B1B11,5.0,,,1.0,TRANSISTOR
,,K3566,NO TIENE ECG,6.0,B1B11,3.0,,,1.0,TRANSISTOR
,,K3568,ECG2911,8.0,B1B11,4.0,,,1.0,TRANSISTOR
,,K3569,NO TIENE ECG,8.0,B1B11,4.0,,,1.0,TRANSISTOR
,,K373,NO TIENE ECG,4.0,B1B1,2.0,,,1.0,TRANSISTOR
,,K44,ECG222,1.0,B1B1,0.5,,,1.0,TRANSISTOR
,,K538,ECG2378,8.0,B1B2,4.0,,,1.0,TRANSISTOR
,,K724,ECG2393,8.0,B1B2,4.0,,,1.0,TRANSISTOR
,,K727,ECG2377,,,,,,,TRANSISTOR
,,K791,ECG2387,5.0,B1B2,2.5,,,1.0,TRANSISTOR
,,K793,ECG2377,12.0,B1B2,6.0,,,1.0,TRANSISTOR
,,K903,ECG2387,6.0,B1B2,3.0,,,1.0,TRANSISTOR
,,K9507,NO TIENE ECG,5.0,B1B11,2.5,,,1.0,TRANSISTOR
,,KA33V,ECG451,1.0,B3D9,0.5,,,1.0,TRANSISTOR
,,KA78M08,,,A2A25,,,,1.0,TRANSISTOR
,,KFS60226,,28.0,A1,14.0,,,1.0,FLYBACK
,,KN2222,,1.0,B1B12,0.5,,,1.0,TRANSISTOR
,,KSE350,,5.0,B1B12,2.5,,,1.0,TRANSISTOR
,,KSE800,,5.0,B1B12,2.5,,,1.0,TRANSISTOR
,,L4960,,10.0,A2A25,5.0,,,1.0,TRANSISTOR
,,L4962,,10.0,A2A25,5.0,,,1.0,TRANSISTOR
,,L6565,,5.0,A2A25,2.5,,,1.0,TRANSISTOR
,,L7808CV,,,A2B2,,,,1.0,TRANSISTOR
,,L78L05,ECG36,1.0,B3D9,0.5,,,1.0,TRANSISTOR
,,L78L09,,1.0,B3D9,0.5,,,1.0,TRANSISTOR
,,L78MG2J5,,4.0,A2A25,2.0,,,1.0,TRANSISTOR
,,LB1640,,12.0,A2A26,6.0,,,1.0,TRANSISTOR
,,LB1641,,10.0,A2A26,5.0,,,1.0,TRANSISTOR
,,LB1648,,10.0,A2A26,5.0,,,1.0,TRANSISTOR
,,LC72131,,8.0,A2A28,4.0,,,1.0,TRANSISTOR
,,LC7218,,8.0,A2A26,4.0,,,1.0,TRANSISTOR
,,LC7522,,15.0,A2A26,7.5,,,1.0,TRANSISTOR
,,LC7533,,8.0,A2A27,4.0,,,1.0,TRANSISTOR
,,LC75341,,10.0,A2A28,5.0,,,1.0,TRANSISTOR
,,LC7535,,15.0,A2A27,7.5,,,1.0,TRANSISTOR
,,LC7815,,15.0,A2A27,7.5,,,1.0,TRANSISTOR
,,LC7818,,15.0,A2A27,7.5,,,1.0,TRANSISTOR
,,LC7821,,10.0,A2A27,5.0,,,1.0,TRANSISTOR
,,LC7881,,10.0,A2A28,5.0,,,1.0,TRANSISTOR
,,LG631-9R,,60.0,A2A28,30.0,,,1.0,INTEGRADO
,,LM1203,=LM9612X,,,,,,,TRANSISTOR
,,LM1458,,3.0,A2A30,1.5,,,1.0,TRANSISTOR
,,LM1875,,5.0,A2B1,2.5,,,1.0,TRANSISTOR
,,LM1876,,15.0,A2B1,7.5,,,1.0,TRANSISTOR
,,LM2405,,10.0,A2B1,5.0,,,1.0,TRANSISTOR
,,LM2406,,15.0,A2B1,7.5,,,1.0,TRANSISTOR
,,LM2407,,16.0,A2B1,8.0,,,1.0,TRANSISTOR
,,LM2575,,17.0,A2B1,8.5,,,1.0,TRANSISTOR
,,LM2576,,10.0,A2B2,5.0,,,1.0,TRANSISTOR
,,LM2902N,,5.0,A2B2,2.5,,,1.0,TRANSISTOR
,,LM317,,2.0,A2A29,1.0,,,1.0,TRANSISTOR
,,LM324,,4.0,A2A29,2.0,,,1.0,TRANSISTOR
,,LM335,,1.0,B2D9,0.5,,,1.0,TRANSISTOR
,,LM339,,6.0,A2A29,3.0,,,1.0,TRANSISTOR
,,LM358,,2.0,A2A29,1.0,,,1.0,TRANSISTOR
,,LM364,,,A2A29,,,,1.0,TRANSISTOR
,,LM380,,6.0,A2A29,3.0,,,1.0,TRANSISTOR
,,LM386,,2.0,A2A30,1.0,,,1.0,TRANSISTOR
,,LM388,,8.0,A2A30,4.0,,,1.0,TRANSISTOR
,,LM3886-TF,,12.0,A2B2,6.0,,,1.0,TRANSISTOR
,,LM3914,,5.0,A2B2,2.5,,,1.0,TRANSISTOR
,,LM3915,,,A2B2,,,,1.0,TRANSISTOR
,,LM393,,5.0,A2A30,2.5,,,1.0,TRANSISTOR
,,LM4765,,12.0,A2B2,6.0,,,1.0,TRANSISTOR
,,LM4766T,=PM59AE,20.0,A2B2,10.0,,,1.0,TRANSISTOR
,,LM723CH,,5.0,A2A30,2.5,,,1.0,TRANSISTOR
,,LM741,,2.0,A2A30,1.0,,,1.0,TRANSISTOR
,,LM78L12,,1.0,A2B3,0.5,,,1.0,TRANSISTOR
,,LM8412,,3.5,A2B4,1.75,,,1.0,TRANSISTOR
,,LM9142,,3.0,A2B4,1.5,,,1.0,TRANSISTOR
,,LM9612X,=LM1203,12.0,A2B3,6.0,,,1.0,TRANSISTOR
,,LNK364,,13.0,A2B4,6.5,,,1.0,TRANSISTOR
,,LSC1008,,5.0,A2B3,2.5,,,1.0,TRANSISTOR
,,LV1116N,,20.0,A2B3,10.0,,,1.0,TRANSISTOR
,,LV47002,,30.0,A2B3,15.0,,,1.0,TRANSISTOR
,,M017,,1.0,A2B5,0.5,,,1.0,INTEGRADO
,,M1641,,8.0,A2B5,4.0,,,1.0,INTEGRADO
,,M2625,,6.0,A2B5,3.0,,,1.0,INTEGRADO
,,M3161,,,A2B5,,,,1.0,INTEGRADO
,,M4015,,3.0,A2B7,1.5,,,1.0,INTEGRADO
,,M51102,,12.0,A2B7,6.0,,,1.0,INTEGRADO
,,M51164,,8.0,A2B7,4.0,,,1.0,INTEGRADO
,,M51182,,8.0,A2B7,4.0,,,1.0,INTEGRADO
,,M51387,,20.0,A2B7,10.0,,,1.0,INTEGRADO
,,M51515BL,,35.0,A2B7,17.5,,,1.0,INTEGRADO
,,M51521L,,10.0,A2B8,5.0,,,1.0,INTEGRADO
,,M51542L,,6.0,A2B8,3.0,,,1.0,INTEGRADO
,,M51544,,10.0,A2B8,5.0,,,1.0,INTEGRADO
,,M5186,,27.0,A2B5,13.5,,,1.0,INTEGRADO
,,M51903L,,10.0,A2B8,5.0,,,1.0,INTEGRADO
,,M5193,,12.0,A2B5,6.0,,,1.0,INTEGRADO
,,M5218L,,5.0,A2B5,2.5,,,1.0,INTEGRADO
,,M5226P,,,A2B8,,,,1.0,INTEGRADO
,,M5230,,5.0,A2B5,2.5,,,1.0,INTEGRADO
,,M523395,,60.0,A2B8,30.0,,,1.0,INTEGRADO
,,M52470,,20.0,A2B8,10.0,,,1.0,INTEGRADO
,,M54543L,,20.0,A2B9,10.0,,,1.0,INTEGRADO
,,M5865,,,A2B5,,,,1.0,INTEGRADO
,,M58655,,14.0,A2B8,7.0,,,1.0,INTEGRADO
,,M58658,,10.0,A2B8,5.0,,,1.0,INTEGRADO
,,M9553,,5.0,A2B7,2.5,,,1.0,INTEGRADO
,,MA2831,,25.0,B1B13,12.5,,,1.0,TRANSISTOR
,,MA8920,,25.0,B1B13,12.5,,,1.0,TRANSISTOR
,,MB3722,,8.0,A2B9,4.0,,,1.0,INTEGRADO
,,MB3756,,5.0,A2B9,2.5,,,1.0,INTEGRADO
,,MB88301,,22.0,A2B9,11.0,,,1.0,INTEGRADO
,,MBC224,,7.0,A2B9,3.5,,,1.0,INTEGRADO
,,MC1352,,10.0,A2B9,5.0,,,1.0,INTEGRADO
,,MC14011,,10.0,A2B10,5.0,,,1.0,INTEGRADO
,,MC14013BP,,10.0,A2B9,5.0,,,1.0,INTEGRADO
,,MC14021,,10.0,A2B10,5.0,,,1.0,INTEGRADO
,,MC14027,,10.0,A2B10,5.0,,,1.0,INTEGRADO
,,MC14053,,10.0,A2B10,5.0,,,1.0,INTEGRADO
,,MC34063,,5.0,A2B9,2.5,,,1.0,INTEGRADO
,,MC34065,,,A2B10,,,,1.0,INTEGRADO
,,MC44604,,8.0,A2B10,4.0,,,1.0,INTEGRADO
,,MC44608,,,A2B10,,,,1.0,INTEGRADO
,,MC79L05,,2.0,A2B11,1.0,,,1.0,INTEGRADO
,,MCI30010,,,A2B10,,,,1.0,INTEGRADO
,,MCR5102,,60.0,A2B10,30.0,,,1.0,INTEGRADO
,,MCZ3001D,,56.0,A2B10,28.0,,,1.0,INTEGRADO
,,MCZ3001DB,,60.0,A2B10,30.0,,,1.0,INTEGRADO
,,MIC2576,,5.0,A2B11,2.5,,,1.0,INTEGRADO
,,MIP0254,,10.0,A2B11,5.0,,,1.0,INTEGRADO
,,MIP2E4DMY,,10.0,A2B13,5.0,,,1.0,INTEGRADO
,,MIP2E5DMY,,10.0,A2B13,5.0,,,1.0,INTEGRADO
,,MIP2F2,,12.0,A2B11,6.0,,,1.0,INTEGRADO
,,MIP2F4D,,12.0,A2B11,6.0,,,1.0,INTEGRADO
,,MIP3E4D,,12.0,A2B13,6.0,,,1.0,INTEGRADO
,,MIP3E4DMY,,10.0,A2B13,5.0,,,1.0,INTEGRADO
,,MIP411,,13.0,A2B11,6.5,,,1.0,INTEGRADO
,,MIP414,,14.0,A2B11,7.0,,,1.0,INTEGRADO
,,MJ11032,,,A2B24,,,,1.0,INTEGRADO
,,MJ13009,,5.0,A2B6,2.5,,,1.0,INTEGRADO
,,MJ15003,,16.0,A2B12,8.0,,,1.0,INTEGRADO
,,MJ15004,,16.0,A2B12,8.0,,,1.0,INTEGRADO
,,MJ15015,,15.0,A2B12,7.5,,,1.0,INTEGRADO
,,MJ15016,,,A2B18,,,,1.0,INTEGRADO
,,MJ15024,,,A2B18,,,,1.0,INTEGRADO
,,MJ15025,,13.0,A2B18,6.5,,,1.0,INTEGRADO
,,MJ802,,,A2B24,,,,1.0,INTEGRADO
,,MJE13002,,,A2B6,,,,1.0,INTEGRADO
,,MJE13005,,5.0,A2B6,2.5,,,1.0,INTEGRADO
,,MJE13007,,3.0,A2B6,1.5,,,1.0,INTEGRADO
,,MJE15032,,9.0,A2B14,4.5,,,1.0,INTEGRADO
,,MJE15033,,9.0,A2B14,4.5,,,1.0,INTEGRADO
,,MJM4558,,8.0,A2B14,4.0,,,1.0,INTEGRADO
,,MN12C250,,10.0,A2B14,5.0,,,1.0,INTEGRADO
,,MN15151,,50.0,A2B14,25.0,,,1.0,INTEGRADO
,,MN15245SBA,,25.0,A2B15,12.5,,,1.0,INTEGRADO
,,MN3102,,5.0,A2B14,2.5,,,1.0,INTEGRADO
,,MN8303,,7.0,A2B14,3.5,,,1.0,INTEGRADO
,,MOC9022,,8.0,A2B15,4.0,,,1.0,INTEGRADO
,,MPS6534,,1.0,B3B9,0.5,,,1.0,INTEGRADO
,,MR2520,,28.0,B1B13,14.0,,,1.0,INTEGRADO
,,MR2920,,32.0,B1B13,16.0,,,1.0,INTEGRADO
,,MTY30N50,,20.0,B1B14,10.0,,,1.0,INTEGRADO
,,MX0541,,25.0,A2B6,12.5,,,1.0,INTEGRADO
,,MX0841,,30.0,B1B15,15.0,,,1.0,INTEGRADO
,,MX0842,,35.0,B1B15,17.5,,,1.0,INTEGRADO
,,N25,,,A2B15,,,,1.0,INTEGRADO
,,N41,,3.0,A2B15,1.5,,,1.0,INTEGRADO
,,NE5532,,3.0,B1B16,1.5,,,1.0,INTEGRADO
,,NE555,,1.5,B1B16,0.75,,,1.0,INTEGRADO
,,NE556,,5.0,B1B16,2.5,,,1.0,INTEGRADO
,,NST2545,,5.0,B1B15,2.5,,,1.0,INTEGRADO
,,NTE104,,,A2B24,,,,1.0,INTEGRADO
,,NTE265,,,A2B15,,,,1.0,INTEGRADO
,,NTP870,,30.0,A2B16,15.0,,,1.0,INTEGRADO
,,OB2269,,12.0,A2B17,6.0,,,1.0,INTEGRADO
,,OOBC0W,,,A2B17,,,,1.0,INTEGRADO
,,OV2094-41,,,A1,,,,1.0,FLYBACK
,,P030RV11,,8.0,A2B17,4.0,,,1.0,INTEGRADO
,,P1014APIO,,9.0,A2B17,4.5,,,1.0,INTEGRADO
,,P5M,,3.0,A2B17,1.5,,,1.0,INTEGRADO
,,PA2032,,40.0,A2B17,20.0,,,1.0,INTEGRADO
,,PA3029,,25.0,A2B17,12.5,,,1.0,INTEGRADO
,,PAL002,,25.0,A2B19,12.5,,,1.0,INTEGRADO
,,PAL003,,28.0,A2B19,14.0,,,1.0,INTEGRADO
,,PAL007,,25.0,A2B19,12.5,,,1.0,INTEGRADO
,,PAL012,,40.0,A2B19,20.0,,,1.0,INTEGRADO
,,PAL013,,40.0,A2B19,20.0,,,1.0,INTEGRADO
,,"PC AX3950 Core i3, 500GB","Stay productive and get creative with the AX3950-UR30P Desktop PC. The AX3950-UR30P Desktop PC features a dynamic and sleek entertainment center that’s 1/3 the size of a normal PC and features powerful Intel® Core™ i3 performance, 4GB Memory, Windows® 7 Home Premium and great media features that make it easy to power through tasks.",699.0,Container Z-45,349.5,,,3.0,PC
,,PC817,,1.5,A2B19,0.75,,,1.0,INTEGRADO
,,PCL0017,,,A2B20,,,,1.0,INTEGRADO
,,PM36-041-11,,60.0,A2B20,30.0,,,1.0,INTEGRADO
,,PQ12RF11,,8.0,A2B20,4.0,,,1.0,INTEGRADO
,,PT2399,,3.5,A2B20,1.75,,,1.0,INTEGRADO
,,PUA3228,,28.0,A2B20,14.0,,,1.0,INTEGRADO
,,R1002,,1.0,A2B21,0.5,,,1.0,INTEGRADO
,,RJP63K2,,18.0,B2A14,9.0,,,1.0,INTEGRADO
,,S1854,,5.0,A2B21,2.5,,,1.0,TRANSISTOR
,,S6785G,,12.0,A2B21,6.0,,,1.0,TRANSISTOR
,,S8050,,1.0,B3D10,0.5,,,1.0,TRANSISTOR
,,S8550,,1.0,B3D10,0.5,,,1.0,TRANSISTOR
,,S9012,,1.0,B3D10,0.5,,,1.0,TRANSISTOR
,,S9014,,1.0,B3D10,0.5,,,1.0,TRANSISTOR
,,SA7454,,12.0,A2B21,6.0,,,1.0,INTEGRADO
,,SD4841,,7.0,A2B21,3.5,,,1.0,TRANSISTOR
,,SE090,,5.0,A2B21,2.5,,,1.0,TRANSISTOR
,,SE110,,4.0,A2B21,2.0,,,1.0,TRANSISTOR
,,SE115,,5.0,A2B21,2.5,,,1.0,TRANSISTOR
,,SE120,,5.0,A2B22,2.5,,,1.0,TRANSISTOR
,,SE125,,5.0,A2B22,2.5,,,1.0,TRANSISTOR
,,SE140,,5.0,A2B22,2.5,,,1.0,TRANSISTOR
,,SE800,,5.0,A2B22,2.5,,,1.0,TRANSISTOR
,,SF5142,,5.0,A2B22,2.5,,,1.0,TRANSISTOR
,,SFS9Z34,,6.0,A2B22,3.0,,,1.0,TRANSISTOR
,,SG3524N,,5.0,A2B22,2.5,,,1.0,TRANSISTOR
,,SK0624,SK7625,30.0,A2B23,15.0,,,1.0,INTEGRADO
,,SK3019,,2.0,A2B23,1.0,,,1.0,INTEGRADO
,,SK3090,,7.0,A2B23,3.5,,,1.0,INTEGRADO
,,SK3123,,2.0,B1D10,1.0,,,1.0,INTEGRADO
,,SK43,,3.0,A2B23,1.5,,,1.0,INTEGRADO
,,SM8002,,6.0,A2B22,3.0,,,1.0,INTEGRADO
,,SMR40000,,15.0,B2B1,7.5,,,1.0,TRANSISTOR
,,SN75176,,5.0,B1A8,2.5,,,1.0,TRANSISTOR
,,SN94096N,,,B3B11,,,,1.0,TRANSISTOR
,,ST2001,,8.0,A2B27,4.0,,,1.0,TRANSISTOR
,,ST2310,,9.0,A2B27,4.5,,,1.0,TRANSISTOR
,,ST8812,,9.0,A2B27,4.5,,,1.0,TRANSISTOR
,,STA540SA,,17.0,A2B27,8.5,,,1.0,TRANSISTOR
,,STE2310,,8.0,A2B26,4.0,,,1.0,TRANSISTOR
,,STR10006,,20.0,B2B3,10.0,,,1.0,TRANSISTOR
,,STR30110,,35.0,B2B3,17.5,,,1.0,TRANSISTOR
,,STR30115,ORIGINAL,20.0,B2B4,10.0,,,1.0,TRANSISTOR
,,STR30120,,18.0,B2B4,9.0,,,1.0,TRANSISTOR
,,STR30123,,14.0,B2B4,7.0,,,1.0,TRANSISTOR
,,STR30130,,14.0,B2B5,7.0,,,1.0,TRANSISTOR
,,STR3130,,20.0,B2B1,10.0,,,1.0,TRANSISTOR
,,STR3215,,20.0,B2B2,10.0,,,1.0,TRANSISTOR
,,STR459,,8.0,B2B1,4.0,,,1.0,TRANSISTOR
,,STR50092,,10.0,B2B5,5.0,,,1.0,TRANSISTOR
,,STR50103,,15.0,B2B5,7.5,,,1.0,TRANSISTOR
,,STR50111,,,B2B5,,,,1.0,TRANSISTOR
,,STR50115,,,B2B5,,,,1.0,TRANSISTOR
,,STR50130,,,B2B5,,,,1.0,TRANSISTOR
,,STR5015,,20.0,B2B2,10.0,,,1.0,TRANSISTOR
,,STR52041,,30.0,B2B6,15.0,,,1.0,TRANSISTOR
,,STR53041,,15.0,B2B6,7.5,,,1.0,TRANSISTOR
,,STR59041,,13.0,B2B6,6.5,,,1.0,TRANSISTOR
,,STR80145,,18.0,B2B6,9.0,,,1.0,TRANSISTOR
,,STR83159,,18.0,B2B6,9.0,,,1.0,TRANSISTOR
,,STR9012,,20.0,B2B3,10.0,,,1.0,TRANSISTOR
,,STRD3030,,18.0,B2B7,9.0,,,1.0,TRANSISTOR
,,STRD3035,,20.0,B2B7,10.0,,,1.0,TRANSISTOR
,,STRD4512,,20.0,B2B7,10.0,,,1.0,TRANSISTOR
,,STRD6601,,25.0,B2B7,12.5,,,1.0,TRANSISTOR
,,STRF6138,,28.0,B2B8,14.0,,,1.0,TRANSISTOR
,,STRF6264,,26.0,B2B8,13.0,,,1.0,TRANSISTOR
,,STRF6267,,24.0,B2B8,12.0,,,1.0,TRANSISTOR
,,STRF6454,,25.0,B2B8,12.5,,,1.0,TRANSISTOR
,,STRF6456,,24.0,B2B8,12.0,,,1.0,TRANSISTOR
,,STRF6514,,20.0,B2B9,10.0,,,1.0,TRANSISTOR
,,STRF6524,,20.0,B2B9,10.0,,,1.0,TRANSISTOR
,,STRF6624,,20.0,B2B9,10.0,,,1.0,TRANSISTOR
,,STRF6626,,15.0,B2B9,7.5,,,1.0,TRANSISTOR
,,STRF6650,,20.0,B2B10,10.0,,,1.0,TRANSISTOR
,,STRF6653,,16.0,B2B10,8.0,,,1.0,TRANSISTOR
,,STRF6654,,15.0,B2B10,7.5,,,1.0,TRANSISTOR
,,STRF6656,,18.0,B2B10,9.0,,,1.0,TRANSISTOR
,,STRF6707,,17.0,B2B10,8.5,,,1.0,TRANSISTOR
,,STRG5623A,,12.0,B3A2,6.0,,,1.0,TRANSISTOR
,,STRG5653,,12.0,B3A2,6.0,,,1.0,TRANSISTOR
,,STRG6351,,8.0,B3A2,4.0,,,1.0,TRANSISTOR
,,STRG6353,,16.0,B3A2,8.0,,,1.0,TRANSISTOR
,,STRG6624,,10.0,B3A3,5.0,,,1.0,TRANSISTOR
,,STRG6653,,12.0,B3A3,6.0,,,1.0,TRANSISTOR
,,STRG9656,,20.0,B3A3,10.0,,,1.0,TRANSISTOR
,,STRM6559,,25.0,B2B11,12.5,,,1.0,TRANSISTOR
,,STRS5041G,,35.0,B2B11,17.5,,,1.0,TRANSISTOR
,,STRS5708,,28.0,B2B11,14.0,,,1.0,TRANSISTOR
,,STRS5717,,20.0,B2B11,10.0,,,1.0,TRANSISTOR
,,STRS5741,,20.0,B2B11,10.0,,,1.0,TRANSISTOR
,,STRS5941,,20.0,B2B11,10.0,,,1.0,TRANSISTOR
,,STRS6301,,20.0,B2B12,10.0,,,1.0,TRANSISTOR
,,STRS6302,,25.0,B2B12,12.5,,,1.0,TRANSISTOR
,,STRS6307,,18.0,B2B12,9.0,,,1.0,TRANSISTOR
,,STRS6308,,20.0,B2B12,10.0,,,1.0,TRANSISTOR
,,STRS6309,,20.0,B2B12,10.0,,,1.0,TRANSISTOR
,,STRS6706,,17.0,B2B13,8.5,,,1.0,TRANSISTOR
,,STRS6707,,17.0,B2B13,8.5,,,1.0,TRANSISTOR
,,STRS6708,,20.0,B2B13,10.0,,,1.0,TRANSISTOR
,,STRS6709,,18.0,B2B13,9.0,,,1.0,TRANSISTOR
,,STRW5453,,15.0,B3A4,7.5,,,1.0,TRANSISTOR
,,STRW5667,,13.0,B3A4,6.5,,,1.0,TRANSISTOR
,,STRW5753,,10.0,B3A4,5.0,,,1.0,TRANSISTOR
,,STRW6052S,,20.0,B3A4,10.0,,,1.0,TRANSISTOR
,,STRW6053S,,24.0,B3A4,12.0,,,1.0,TRANSISTOR
,,STRW6252,,12.0,B3A5,6.0,,,1.0,TRANSISTOR
,,STRW6253,,12.0,B3A5,6.0,,,1.0,TRANSISTOR
,,STRW6553,,12.0,B3A5,6.0,,,1.0,TRANSISTOR
,,STRW6554,,12.0,B3A5,6.0,,,1.0,TRANSISTOR
,,STRW6556,,12.0,B3A6,6.0,,,1.0,TRANSISTOR
,,STRW6653,,12.0,B3A6,6.0,,,1.0,TRANSISTOR
,,STRW6654,,12.0,B3A6,6.0,,,1.0,TRANSISTOR
,,STRW6735,,10.0,B3A6,5.0,,,1.0,TRANSISTOR
,,STRW6750,,14.0,B3A6,7.0,,,1.0,TRANSISTOR
,,STRW6753,,12.0,B3A7,6.0,,,1.0,TRANSISTOR
,,STRW6754,,10.0,B3A7,5.0,,,1.0,TRANSISTOR
,,STRW6756,,18.0,B3A7,9.0,,,1.0,TRANSISTOR
,,STRW6852,,20.0,B3A7,10.0,,,1.0,TRANSISTOR
,,STRX6556,,24.0,B2B14,12.0,,,1.0,TRANSISTOR
,,STRX6750,,28.0,B2B14,14.0,,,1.0,TRANSISTOR
,,STRX6756,,30.0,B2B14,15.0,,,1.0,TRANSISTOR
,,STRX6757,,26.0,B2B14,13.0,,,1.0,TRANSISTOR
,,STRX6759,,24.0,B2B15,12.0,,,1.0,TRANSISTOR
,,STRX6768,,28.0,B2B15,14.0,,,1.0,TRANSISTOR
,,STRX6769,,36.0,B2B15,18.0,,,1.0,TRANSISTOR
,,STRY6763,,26.0,B2B15,13.0,,,1.0,TRANSISTOR
,,STRZ2152,,34.0,B3A8,17.0,,,1.0,TRANSISTOR
,,STRZ2757,,30.0,B3A8,15.0,,,1.0,TRANSISTOR
,,STV5109,,15.0,A2B27,7.5,,,1.0,TRANSISTOR
,,STV8131,,6.0,A2B26,3.0,,,1.0,TRANSISTOR
,,STV8172,,6.0,A2B26,3.0,,,1.0,TRANSISTOR
,,STV9302,,6.0,A2B26,3.0,,,1.0,TRANSISTOR
,,STV9325,=3B47657,10.0,A2B26,5.0,,,1.0,TRANSISTOR
,,STV9326,,10.0,A2B25,5.0,,,1.0,TRANSISTOR
,,STV9378,,14.0,A2B25,7.0,,,1.0,TRANSISTOR
,,STV9379,,16.0,A2B25,8.0,,,1.0,TRANSISTOR
,,STV9381,,25.0,A2B25,12.5,,,1.0,TRANSISTOR
,,TA1201,,30.0,A2B28,15.0,,,1.0,TRANSISTOR
,,TA1282,,20.0,A2B28,10.0,,,1.0,TRANSISTOR
,,TA2008,,5.0,A2B28,2.5,,,1.0,TRANSISTOR
,,TA2057,,18.0,A2B28,9.0,,,1.0,TRANSISTOR
,,TA2058,,15.0,A2B28,7.5,,,1.0,TRANSISTOR
,,TA2068,,7.0,A2B28,3.5,,,1.0,TRANSISTOR
,,TA2092,,10.0,A2B29,5.0,,,1.0,TRANSISTOR
,,TA6668,,4.0,A2B29,2.0,,,1.0,TRANSISTOR
,,TA7063,,4.0,A2B29,2.0,,,1.0,TRANSISTOR
,,TA7070,,5.0,A2B29,2.5,,,1.0,TRANSISTOR
,,TA7072,,5.0,A2B29,2.5,,,1.0,TRANSISTOR
,,TA7108,,8.0,A2B29,4.0,,,1.0,TRANSISTOR
,,TA7120,,6.0,A2B29,3.0,,,1.0,TRANSISTOR
,,TA7124,,3.5,A2B29,1.75,,,1.0,TRANSISTOR
,,TA7130,,3.0,A2C1,1.5,,,1.0,TRANSISTOR
,,TA7136,,3.0,A2C1,1.5,,,1.0,TRANSISTOR
,,TA7140,,4.0,A2C1,2.0,,,1.0,TRANSISTOR
,,TA7176,,5.0,A2C1,2.5,,,1.0,TRANSISTOR
,,TA7184,,20.0,A2C1,10.0,,,1.0,TRANSISTOR
,,TA7203,,10.0,A2C1,5.0,,,1.0,TRANSISTOR
,,TA7205,,8.0,A2C1,4.0,,,1.0,TRANSISTOR
,,TA7209,,8.0,A2C1,4.0,,,1.0,TRANSISTOR
,,TA7217,,4.0,A2C2,2.0,,,1.0,TRANSISTOR
,,TA7222,,5.0,A2C2,2.5,,,1.0,TRANSISTOR
,,TA7223,,7.0,A2C2,3.5,,,1.0,TRANSISTOR
,,TA7225,,10.0,A2C2,5.0,,,1.0,TRANSISTOR
,,TA7230,,6.0,A2C2,3.0,,,1.0,TRANSISTOR
,,TA7232,,6.0,A2C2,3.0,,,1.0,TRANSISTOR
,,TA7233,,6.0,A2C2,3.0,,,1.0,TRANSISTOR
,,TA7237,,10.0,A2C2,5.0,,,1.0,TRANSISTOR
,,TA7240,,14.0,A2C2,7.0,,,1.0,TRANSISTOR
,,TA7242,,7.0,A2C3,3.5,,,1.0,TRANSISTOR
,,TA7250,,20.0,A2C3,10.0,,,1.0,TRANSISTOR
,,TA7256,,5.0,A2C3,2.5,,,1.0,TRANSISTOR
,,TA7267,,18.0,A2C3,9.0,,,1.0,TRANSISTOR
,,TA7270,,8.0,A2C3,4.0,,,1.0,TRANSISTOR
,,TA7271,,8.0,A2C3,4.0,,,1.0,TRANSISTOR
,,TA7274,,18.0,A2C3,9.0,,,1.0,TRANSISTOR
,,TA7282,,7.0,A2C3,3.5,,,1.0,TRANSISTOR
,,TA7283,,6.0,A2C4,3.0,,,1.0,TRANSISTOR
,,TA7291,,5.0,A2C4,2.5,,,1.0,TRANSISTOR
,,TA7291S,,5.0,A2C4,2.5,,,1.0,TRANSISTOR
,,TA7299,,10.0,A2C4,5.0,,,1.0,TRANSISTOR
,,TA7303,,4.0,A2C4,2.0,,,1.0,TRANSISTOR
,,TA7317,,,A2C5,,,,1.0,TRANSISTOR
,,TA7318,,4.0,A2C4,2.0,,,1.0,TRANSISTOR
,,TA7323,,4.0,A2C4,2.0,,,1.0,TRANSISTOR
,,TA7325,,3.0,A2C4,1.5,,,1.0,TRANSISTOR
,,TA7335,,3.5,A2C5,1.75,,,1.0,TRANSISTOR
,,TA7336,,5.0,A2C5,2.5,,,1.0,TRANSISTOR
,,TA7343,,3.0,A2C5,1.5,,,1.0,TRANSISTOR
,,TA7358,,3.0,A2C5,1.5,,,1.0,TRANSISTOR
,,TA7368,,3.5,A2C5,1.75,,,1.0,TRANSISTOR
,,TA7376,,3.5,A2C5,1.75,,,1.0,TRANSISTOR
,,TA7604,,5.0,A2C6,2.5,,,1.0,TRANSISTOR
,,TA7607,,5.0,A2C6,2.5,,,1.0,TRANSISTOR
,,TA7609,,5.0,A2C6,2.5,,,1.0,TRANSISTOR
,,TA7611,,5.0,A2C6,2.5,,,1.0,TRANSISTOR
,,TA7612AP,,7.0,A2C6,3.5,,,1.0,TRANSISTOR
,,TA7614,,13.0,A2C6,6.5,,,1.0,TRANSISTOR
,,TA7628,,5.0,A2C7,2.5,,,1.0,TRANSISTOR
,,TA7629,,8.0,A2C7,4.0,,,1.0,TRANSISTOR
,,TA7630,,8.0,A2C7,4.0,,,1.0,TRANSISTOR
,,TA7634,,30.0,A2C7,15.0,,,1.0,TRANSISTOR
,,TA7640,,4.0,A2C7,2.0,,,1.0,TRANSISTOR
,,TA7644,,25.0,A2C7,12.5,,,1.0,TRANSISTOR
,,TA7668,,,A2C7,,,,1.0,TRANSISTOR
,,TA7676,,9.0,A2C7,4.5,,,1.0,TRANSISTOR
,,TA7680,,12.0,A2C8,6.0,,,1.0,TRANSISTOR
,,TA7738,,7.0,A2C8,3.5,,,1.0,TRANSISTOR
,,TA7769,,4.0,A2C8,2.0,,,1.0,TRANSISTOR
,,TA7778,,13.0,A2C8,6.5,,,1.0,TRANSISTOR
,,TA7784,,5.0,A2C8,2.5,,,1.0,TRANSISTOR
,,TA8102,,5.0,A2C9,2.5,,,1.0,TRANSISTOR
,,TA8110,,,A2C9,,,,1.0,TRANSISTOR
,,TA8119,,7.0,A2C9,3.5,,,1.0,TRANSISTOR
,,TA8122AF,,8.0,A2C9,4.0,,,1.0,TRANSISTOR
,,TA8122P,,5.0,A2C9,2.5,,,1.0,TRANSISTOR
,,TA8127,,5.0,A2C9,2.5,,,1.0,TRANSISTOR
,,TA8132,,,A2C9,,,,1.0,TRANSISTOR
,,TA8142,,5.0,A2C9,2.5,,,1.0,TRANSISTOR
,,TA8148,,7.0,A2C10,3.5,,,1.0,TRANSISTOR
,,TA8164,,5.0,A2C10,2.5,,,1.0,TRANSISTOR
,,TA8167,,7.0,A2C10,3.5,,,1.0,TRANSISTOR
,,TA8176,,7.0,A2C10,3.5,,,1.0,TRANSISTOR
,,TA8184,,15.0,A2C10,7.5,,,1.0,TRANSISTOR
,,TA8189N,,7.0,A2C10,3.5,,,1.0,TRANSISTOR
,,TA8200,,10.0,A2C10,5.0,,,1.0,TRANSISTOR
,,TA8205,,12.0,A2C10,6.0,,,1.0,TRANSISTOR
,,TA8207,,7.0,A2C11,3.5,,,1.0,TRANSISTOR
,,TA8210,,12.0,A2C11,6.0,,,1.0,TRANSISTOR
,,TA8211HQ,,17.0,A2C11,8.5,,,1.0,TRANSISTOR
,,TA8213K,,6.0,A2C11,3.0,,,1.0,TRANSISTOR
,,TA8215,,12.0,A2C11,6.0,,,1.0,TRANSISTOR
,,TA8216H,,8.0,A2C12,4.0,,,1.0,TRANSISTOR
,,TA8217,,5.0,A2C12,2.5,,,1.0,TRANSISTOR
,,TA8218,,12.0,A2C12,6.0,,,1.0,TRANSISTOR
,,TA8220AH,,20.0,A2C12,10.0,,,1.0,TRANSISTOR
,,TA8221,,20.0,A2C12,10.0,,,1.0,TRANSISTOR
,,TA8223,,10.0,A2C12,5.0,,,1.0,TRANSISTOR
,,TA8227,,4.0,A2C13,2.0,,,1.0,TRANSISTOR
,,TA8229,,10.0,A2C13,5.0,,,1.0,TRANSISTOR
,,TA8232,,20.0,A2C13,10.0,,,1.0,TRANSISTOR
,,TA8238,,10.0,A2C13,5.0,,,1.0,TRANSISTOR
,,TA8251,,15.0,A2C13,7.5,,,1.0,TRANSISTOR
,,TA8255,,35.0,A2C14,17.5,,,1.0,TRANSISTOR
,,TA8259,,35.0,A2C14,17.5,,,1.0,TRANSISTOR
,,TA8263,,35.0,A2C14,17.5,,,1.0,TRANSISTOR
,,TA8264HR,,25.0,A2C14,12.5,,,1.0,TRANSISTOR
,,TA8276,,28.0,A2C14,14.0,,,1.0,TRANSISTOR
,,TA8403,,7.0,A2C15,3.5,,,1.0,TRANSISTOR
,,TA8410,,9.0,A2C15,4.5,,,1.0,TRANSISTOR
,,TA8427,,7.0,A2C15,3.5,,,1.0,TRANSISTOR
,,TA8432,,10.0,A2C15,5.0,,,1.0,TRANSISTOR
,,TA8601BN,,18.0,A2C15,9.0,,,1.0,TRANSISTOR
,,TA8659,,50.0,A2C16,25.0,,,1.0,TRANSISTOR
,,TA8680,,20.0,A2C16,10.0,,,1.0,TRANSISTOR
,,TA8690,,24.0,A2C16,12.0,,,1.0,TRANSISTOR
,,TA8725,,45.0,A2C17,22.5,,,1.0,TRANSISTOR
,,TA8745,,30.0,A2C17,15.0,,,1.0,TRANSISTOR
,,TA8801AN,,16.0,A2C17,8.0,,,1.0,TRANSISTOR
,,TA8801N,,12.0,A2C17,6.0,,,1.0,TRANSISTOR
,,TA8825,,35.0,A2C17,17.5,,,1.0,TRANSISTOR
,,TAS5142,,36.0,A2C19,18.0,,,1.0,TRANSISTOR
,,TAS5342,,25.0,A2C19,12.5,,,1.0,TRANSISTOR
,,TAS5352,,30.0,A2C19,15.0,,,1.0,TRANSISTOR
,,TAS5612,,36.0,A2C19,18.0,,,1.0,TRANSISTOR
,,TB1231,,30.0,A2C18,15.0,,,1.0,TRANSISTOR
,,TB2903HQ,,28.0,A2C18,14.0,,,1.0,TRANSISTOR
,,TB2904HQ,,30.0,A2C18,15.0,,,1.0,TRANSISTOR
,,TB2926,,28.0,A2C18,14.0,,,1.0,TRANSISTOR
,,TB2929HQ,,30.0,A2C18,15.0,,,1.0,TRANSISTOR
,,TB2946HQ,,32.0,A2C18,16.0,,,1.0,TRANSISTOR
,,TC4013BP,,10.0,A2C20,5.0,,,1.0,TRANSISTOR
,,TC9125BP,,12.0,A2C20,6.0,,,1.0,TRANSISTOR
,,TC9149P,,8.0,A2C20,4.0,,,1.0,TRANSISTOR
,,TC9153,,8.0,A2C20,4.0,,,1.0,TRANSISTOR
,,TC9163,,15.0,A2C20,7.5,,,1.0,TRANSISTOR
,,TC9172,,10.0,A2C20,5.0,,,1.0,TRANSISTOR
,,TC9227,,15.0,A2C20,7.5,,,1.0,TRANSISTOR
,,TC9284,,18.0,A2C20,9.0,,,1.0,TRANSISTOR
,,TC9668RX,,15.0,A2C21,7.5,,,1.0,TRANSISTOR
,,TCLA21V01-TD,,60.0,A2C21,30.0,,,1.0,TRANSISTOR
,,TCPN3081PA09AB,,50.0,A1,25.0,,,1.0,FLYBACK
,,TD6359,,10.0,A2C22,5.0,,,1.0,TRANSISTOR
,,TDF8556,,56.0,A2C19,28.0,,,1.0,TRANSISTOR
,,TEA1504,,12.0,A2C21,6.0,,,1.0,TRANSISTOR
,,TEA1506P,,12.0,A2C21,6.0,,,1.0,TRANSISTOR
,,TEA1506T,,10.0,A2C21,5.0,,,1.0,TRANSISTOR
,,TEA1507P,,10.0,A2C21,5.0,,,1.0,TRANSISTOR
,,TEA1522,,10.0,A2C22,5.0,,,1.0,TRANSISTOR
,,TEA1533,,12.0,A2C22,6.0,,,1.0,TRANSISTOR
,,TEA1620,,10.0,A2C22,5.0,,,1.0,TRANSISTOR
,,TEA2019,,10.0,A2C22,5.0,,,1.0,TRANSISTOR
,,TEA2025,,3.0,A2C22,1.5,,,1.0,TRANSISTOR
,,TEA2262,,10.0,A2C22,5.0,,,1.0,TRANSISTOR
,,TEA5170,,15.0,A2C22,7.5,,,1.0,TRANSISTOR
,,TECC1070PG31A,,,A1,,,,1.0,FLYBACK
,,TECC1070PK22A,,,A1,,,,1.0,FLYBACK
,,TF361M,,6.0,A2C19,3.0,,,1.0,TRANSISTOR
,,TFA9842,,9.0,A2C19,4.5,,,1.0,TRANSISTOR
,,TIP102,ECG2343,3.0,B1A12,1.5,,,1.0,TRANSISTOR
,,TIP107,,5.0,B1A12,2.5,,,1.0,TRANSISTOR
,,TIP112,,4.0,B1A12,2.0,,,1.0,TRANSISTOR
,,TIP120,ECG261,3.0,B1A12,1.5,,,1.0,TRANSISTOR
,,TIP122,ECG261,3.5,B1A12,1.75,,,1.0,TRANSISTOR
,,TIP127,ECG262,3.0,B1A12,1.5,,,1.0,TRANSISTOR
,,TIP142,,7.0,B1A13,3.5,,,1.0,TRANSISTOR
,,TIP147,ECG271,5.0,B1A13,2.5,,,1.0,TRANSISTOR
,,TIP2955,ECG393,7.0,B1A14,3.5,,,1.0,TRANSISTOR
,,TIP3055,ECG392,5.0,B1A14,2.5,,,1.0,TRANSISTOR
,,TIP31,ECG291,2.0,B1A10,1.0,,,1.0,TRANSISTOR
,,TIP32,ECG197,2.0,B1A10,1.0,,,1.0,TRANSISTOR
,,TIP34,ECG391,6.0,B1A10,3.0,,,1.0,TRANSISTOR
,,TIP35,ECG392,6.0,B1A10,3.0,,,1.0,TRANSISTOR
,,TIP41,ECG196,2.0,B1A11,1.0,,,1.0,TRANSISTOR
,,TIP42,ECG197,2.0,B1A11,1.0,,,1.0,TRANSISTOR
,,TL071,,3.0,A2C23,1.5,,,1.0,INTEGRADO
,,TL072,,3.0,A2C23,1.5,,,1.0,INTEGRADO
,,TL074,,5.5,A2C23,2.75,,,1.0,INTEGRADO
,,TL081,,3.0,A2C23,1.5,,,1.0,INTEGRADO
,,TL082,,3.0,A2C23,1.5,,,1.0,INTEGRADO
,,TL084,,3.0,A2C23,1.5,,,1.0,INTEGRADO
,,TL431,,1.5,A2C23,0.75,,,1.0,INTEGRADO
,,TL432,,2.0,A2C24,1.0,,,1.0,INTEGRADO
,,TL494,,4.0,A2C24,2.0,,,1.0,INTEGRADO
,,TLF14617F,,,A1,,,,1.0,FLYBACK
,,TLF14634,,,A1,,,,1.0,FLYBACK
,,TLF14644,,,A1,,,,1.0,FLYBACK
,,TLF14701F,,,A1,,,,1.0,FLYBACK
,,TLF14706,,,A1,,,,1.0,FLYBACK
,,TLF6021F,,,A1,,,,1.0,FLYBACK
,,TMM27128AD-20,,40.0,A2C24,20.0,,,1.0,INTEGRADO
,,TMP47C434N-3401,,55.0,A2C24,27.5,,,1.0,INTEGRADO
,,TMP47C434N-3408,,55.0,A2C24,27.5,,,1.0,INTEGRADO
,,TMSR3452NDL,,25.0,A2C24,12.5,,,1.0,INTEGRADO
,,TNY176,,10.0,A2C25,5.0,,,1.0,INTEGRADO
,,TNY177,,6.0,A2C25,3.0,,,1.0,INTEGRADO
,,TNY179,,12.0,A2C25,6.0,,,1.0,INTEGRADO
,,TNY264,,12.0,A2C25,6.0,,,1.0,INTEGRADO
,,TNY266,TNY268,12.0,A2C25,6.0,,,1.0,INTEGRADO
,,TNY267,,6.0,A2C25,3.0,,,1.0,INTEGRADO
,,TNY268,TN266,12.0,A2C25,6.0,,,1.0,INTEGRADO
,,TNY277PN,K804; 52255A,,A2C25,,,,1.0,INTEGRADO
,,TNY280,,14.0,A2C25,7.0,,,1.0,INTEGRADO
,,TNY616,,,A2C25,,,,1.0,INTEGRADO
,,TOP222,,5.0,A2C26,2.5,,,1.0,INTEGRADO
,,TOP243,,16.0,A2C26,8.0,,,1.0,INTEGRADO
,,TOP244,,16.0,A2C26,8.0,,,1.0,INTEGRADO
,,TOP245PN,,14.0,A2C26,7.0,,,1.0,INTEGRADO
,,TOP245YN,,15.0,A2C26,7.5,,,1.0,INTEGRADO
,,TOP247,,13.0,A2C26,6.5,,,1.0,INTEGRADO
,,TOP256PN,,14.0,A2C26,7.0,,,1.0,INTEGRADO
,,TOP258,,8.0,A2C26,4.0,,,1.0,INTEGRADO
,,TP4071,,4.0,B3B9,2.0,,,1.0,TRANSISTOR
,,TT2140,,5.0,A2C27,2.5,,,1.0,INTEGRADO
,,TT2142,,10.0,A2C27,5.0,,,1.0,INTEGRADO
,,TT2170,D2627,6.0,A2C27,3.0,,,1.0,INTEGRADO
,,TT2190,C6093,6.0,A2C27,3.0,,,1.0,INTEGRADO
,,TT2206,,9.0,A2C27,4.5,,,1.0,INTEGRADO
,,TT2222,,6.0,A2C27,3.0,,,1.0,INTEGRADO
,,TT2246,,7.0,A2C28,3.5,,,1.0,INTEGRADO
,,TT6093,,6.0,A2C28,3.0,,,1.0,INTEGRADO
,,TV50,,1.0,B1D10,0.5,,,1.0,INTEGRADO
,,TY50,,1.0,A2C19,0.5,,,1.0,INTEGRADO
,,U2510,,10.0,A2C28,5.0,,,1.0,INTEGRADO
,,UA741CN,KAS136,4.0,A2C28,2.0,,,1.0,INTEGRADO
,,UC3842,,4.0,A2C29,2.0,,,1.0,INTEGRADO
,,UC3843,,5.0,A2C29,2.5,,,1.0,INTEGRADO
,,UC3844,,5.0,A2C29,2.5,,,1.0,INTEGRADO
,,ULN2004,,5.0,A2C29,2.5,,,1.0,INTEGRADO
,,ULN2803,,12.0,A2C29,6.0,,,1.0,INTEGRADO
,,ULN3204,,7.0,A2C29,3.5,,,1.0,INTEGRADO
,,UPC1337,,9.0,A2C30,4.5,,,1.0,INTEGRADO
,,UPD1937,,8.0,A2C30,4.0,,,1.0,INTEGRADO
,,UPD1987,,10.0,A2C30,5.0,,,1.0,INTEGRADO
,,VIPER171,,12.0,A2C30,6.0,,,1.0,INTEGRADO
,,VIPER22A,,6.0,A2C30,3.0,,,1.0,INTEGRADO
,,VM275-UD6702W Desktop PC,,699.0,,349.5,,,3.0,PC
,,VM500-UD8702W Desktop PC,,699.0,,349.5,,,3.0,PC
,,YD2026,,10.0,A2C30,5.0,,,1.0,INTEGRADO
,,ZA153,,16.0,A2C30,8.0,,,1.0,INTEGRADO
